1,Absorb,5,20,100,20,0,1,1,An attack that absorbs half the damage inflicted.,#TRUE#,#TRUE#,#FALSE#,#TRUE#,#TRUE#,#TRUE#,#FALSE#,#FALSE#,,,,#TRUE#,#FALSE#,#FALSE#,#FALSE#,#FALSE#
2,Acid,8,40,100,30,10,2,2,Sprays a hide-melting acid.  May lower Defense.,#TRUE#,#TRUE#,#FALSE#,#TRUE#,#TRUE#,#TRUE#,#FALSE#,#FALSE#,,,,#TRUE#,#FALSE#,#FALSE#,#FALSE#,#FALSE#
3,Acid Armor,8,0,0,40,0,3,3,Liquifies the user's body to sharply raise Defense.,#TRUE#,#FALSE#,#FALSE#,#TRUE#,#TRUE#,#TRUE#,#FALSE#,#TRUE#,,,,#FALSE#,#FALSE#,#FALSE#,#FALSE#,#FALSE#
5,Agility,11,0,0,30,0,5,3,Relaxes the body to sharply boost Speed.,#TRUE#,#FALSE#,#FALSE#,#TRUE#,#TRUE#,#TRUE#,#FALSE#,#TRUE#,,,,#FALSE#,#FALSE#,#FALSE#,#FALSE#,#FALSE#
6,Amnesia,11,0,0,20,0,6,3,Forgets about something and sharply raises Special Defense.,#TRUE#,#FALSE#,#FALSE#,#TRUE#,#TRUE#,#TRUE#,#FALSE#,#TRUE#,,,,#FALSE#,#FALSE#,#FALSE#,#FALSE#,#FALSE#
9,Aurora Beam,6,65,100,20,10,9,1,Fires a rainbow-colored beam that may lower Attack.,#TRUE#,#TRUE#,#FALSE#,#TRUE#,#TRUE#,#TRUE#,#FALSE#,#FALSE#,,,,#TRUE#,#FALSE#,#FALSE#,#FALSE#,#FALSE#
10,Barrage,1,15,85,20,0,10,1,Hurls round objects at the foe 2 to 5 times.,#TRUE#,#TRUE#,#TRUE#,#TRUE#,#TRUE#,#TRUE#,#FALSE#,#FALSE#,,,,#FALSE#,#FALSE#,#FALSE#,#FALSE#,#FALSE#
11,Barrier,11,0,0,30,0,3,3,Creates a barrier that sharply raises Defense.,#TRUE#,#FALSE#,#FALSE#,#TRUE#,#TRUE#,#TRUE#,#FALSE#,#TRUE#,,,,#FALSE#,#FALSE#,#FALSE#,#FALSE#,#FALSE#
15,Bide,1,0,100,10,0,14,7,Endures attack for 2 or 3 turns to retaliate double.,#TRUE#,#FALSE#,#TRUE#,#TRUE#,#TRUE#,#TRUE#,#FALSE#,#TRUE#,TM34,,,#FALSE#,#FALSE#,#FALSE#,#TRUE#,#FALSE#
16,Bind,1,15,75,20,0,15,1,Binds and squeezes the foe for 2 to 5 turns.,#TRUE#,#TRUE#,#TRUE#,#TRUE#,#TRUE#,#TRUE#,#FALSE#,#FALSE#,,,,#TRUE#,#FALSE#,#FALSE#,#TRUE#,#FALSE#
17,Bite,16,60,100,25,30,16,1,Bites with vicious fangs.  May cause flinching.,#TRUE#,#TRUE#,#FALSE#,#TRUE#,#TRUE#,#TRUE#,#FALSE#,#FALSE#,,,,#TRUE#,#FALSE#,#FALSE#,#TRUE#,#FALSE#
18,Blizzard,6,120,70,5,10,17,2,Hits the foe with an icy storm that may freeze it.,#TRUE#,#TRUE#,#FALSE#,#TRUE#,#TRUE#,#TRUE#,#FALSE#,#FALSE#,TM14,TM14,TM14,#TRUE#,#FALSE#,#FALSE#,#FALSE#,#FALSE#
19,Body Slam,1,85,100,15,30,18,1,A full-body slam that may cause paralysis.,#TRUE#,#TRUE#,#FALSE#,#TRUE#,#TRUE#,#TRUE#,#FALSE#,#FALSE#,TM08,,,#TRUE#,#FALSE#,#FALSE#,#TRUE#,#FALSE#
20,Bone Club,9,65,85,20,10,16,1,Clubs the foe with a bone.  May cause flinching.,#TRUE#,#TRUE#,#FALSE#,#TRUE#,#TRUE#,#TRUE#,#FALSE#,#FALSE#,,,,#TRUE#,#FALSE#,#FALSE#,#FALSE#,#FALSE#
22,Bonemerang,9,50,90,10,0,19,1,Throws a bone boomerang that strikes twice.,#TRUE#,#TRUE#,#TRUE#,#TRUE#,#TRUE#,#TRUE#,#FALSE#,#FALSE#,,,,#FALSE#,#FALSE#,#FALSE#,#FALSE#,#FALSE#
23,Bubble,3,20,100,30,10,20,2,An attack using bubbles.  May lower the foe's Speed.,#TRUE#,#TRUE#,#FALSE#,#TRUE#,#TRUE#,#TRUE#,#FALSE#,#FALSE#,,,,#TRUE#,#FALSE#,#FALSE#,#FALSE#,#FALSE#
24,Bubblebeam,3,65,100,20,10,20,1,Forcefully sprays bubbles that may lower Speed.,#TRUE#,#TRUE#,#FALSE#,#TRUE#,#TRUE#,#TRUE#,#FALSE#,#FALSE#,TM11,,,#TRUE#,#FALSE#,#FALSE#,#FALSE#,#FALSE#
26,Clamp,3,35,75,10,0,15,1,Traps and squeezes the foe for 2 to 5 turns.,#TRUE#,#TRUE#,#TRUE#,#TRUE#,#TRUE#,#TRUE#,#FALSE#,#FALSE#,,,,#TRUE#,#FALSE#,#FALSE#,#TRUE#,#FALSE#
27,Comet Punch,1,18,85,15,0,10,1,Repeatedly punches the foe 2 to 5 times.,#TRUE#,#TRUE#,#TRUE#,#TRUE#,#TRUE#,#TRUE#,#FALSE#,#FALSE#,,,,#FALSE#,#FALSE#,#FALSE#,#TRUE#,#FALSE#
28,Confuse Ray,14,0,100,10,0,22,1,A sinister ray that confuses the foe.,#TRUE#,#TRUE#,#FALSE#,#TRUE#,#TRUE#,#TRUE#,#FALSE#,#FALSE#,,,,#TRUE#,#FALSE#,#FALSE#,#FALSE#,#TRUE#
29,Confusion,11,50,100,25,10,22,1,A psychic attack that may cause confusion.,#TRUE#,#TRUE#,#FALSE#,#TRUE#,#TRUE#,#TRUE#,#FALSE#,#FALSE#,,,,#TRUE#,#FALSE#,#FALSE#,#FALSE#,#FALSE#
30,Constrict,1,10,100,35,10,20,1,Constricts to inflict pain.  May lower Speed.,#TRUE#,#TRUE#,#FALSE#,#TRUE#,#TRUE#,#TRUE#,#FALSE#,#FALSE#,,,,#TRUE#,#FALSE#,#FALSE#,#TRUE#,#FALSE#
31,Conversion,1,0,0,30,0,23,3,Changes the user's type into an own move's type.,#TRUE#,#FALSE#,#FALSE#,#TRUE#,#TRUE#,#TRUE#,#FALSE#,#TRUE#,,,,#FALSE#,#FALSE#,#FALSE#,#FALSE#,#FALSE#
34,Counter,7,0,100,20,0,26,7,Retaliates any physical hit with double the power.,#TRUE#,#FALSE#,#FALSE#,#TRUE#,#TRUE#,#TRUE#,#FALSE#,#FALSE#,TM18,,,#FALSE#,#FALSE#,#FALSE#,#TRUE#,#FALSE#
35,Crabhammer,3,90,85,10,0,4,1,Hammers with a pincer.  Has a high critical-hit ratio.,#TRUE#,#TRUE#,#TRUE#,#TRUE#,#TRUE#,#TRUE#,#FALSE#,#FALSE#,,,,#FALSE#,#FALSE#,#FALSE#,#TRUE#,#FALSE#
39,Cut,1,50,95,30,0,0,1,"Cuts the foe with sharp scythes, claws, etc.",#TRUE#,#TRUE#,#TRUE#,#TRUE#,#TRUE#,#TRUE#,#FALSE#,#FALSE#,HM01,HM01,HM01,#FALSE#,#FALSE#,#FALSE#,#TRUE#,#FALSE#
40,Defense Curl,1,0,0,40,0,29,3,Curls up to conceal weak spots and raise Defense.,#TRUE#,#FALSE#,#FALSE#,#TRUE#,#TRUE#,#TRUE#,#FALSE#,#TRUE#,,TM40,,#FALSE#,#FALSE#,#FALSE#,#FALSE#,#FALSE#
43,Dig,9,60,100,10,0,32,1,Digs underground the first turn and strikes next turn.,#TRUE#,#TRUE#,#TRUE#,#TRUE#,#TRUE#,#TRUE#,#FALSE#,#FALSE#,TM28,TM28,TM28,#FALSE#,#FALSE#,#FALSE#,#TRUE#,#FALSE#
44,Disable,1,0,55,20,0,33,1,Psychically disables one of the foe's moves.,#TRUE#,#TRUE#,#FALSE#,#TRUE#,#TRUE#,#TRUE#,#FALSE#,#FALSE#,,,,#TRUE#,#FALSE#,#FALSE#,#FALSE#,#FALSE#
45,Dizzy Punch,1,70,100,10,20,22,1,A rhythmic punch that may confuse the foe.,#TRUE#,#TRUE#,#FALSE#,#TRUE#,#TRUE#,#TRUE#,#FALSE#,#FALSE#,,,,#TRUE#,#FALSE#,#FALSE#,#TRUE#,#FALSE#
46,Double Kick,7,30,100,30,0,19,1,A double-kicking attack that strikes the foe twice.,#TRUE#,#TRUE#,#TRUE#,#TRUE#,#TRUE#,#TRUE#,#FALSE#,#FALSE#,,,,#FALSE#,#FALSE#,#FALSE#,#TRUE#,#FALSE#
47,Double Team,1,0,0,15,0,34,3,Creates illusory copies to raise evasiveness.,#TRUE#,#FALSE#,#FALSE#,#TRUE#,#TRUE#,#TRUE#,#FALSE#,#TRUE#,TM32,TM32,TM32,#FALSE#,#FALSE#,#FALSE#,#FALSE#,#FALSE#
48,Double-Edge,1,120,100,15,0,175,1,A life-risking tackle that also hurts the user.,#TRUE#,#TRUE#,#TRUE#,#TRUE#,#TRUE#,#TRUE#,#FALSE#,#FALSE#,TM10,,,#FALSE#,#FALSE#,#FALSE#,#TRUE#,#FALSE#
49,Doubleslap,1,15,85,10,0,10,1,Repeatedly slaps the foe 2 to 5 times.,#TRUE#,#TRUE#,#TRUE#,#TRUE#,#TRUE#,#TRUE#,#FALSE#,#FALSE#,,,,#FALSE#,#FALSE#,#FALSE#,#TRUE#,#FALSE#
50,Dragon Rage,15,0,100,10,0,36,1,Launches shock waves that always inflict 40 HP damage.,#TRUE#,#TRUE#,#TRUE#,#TRUE#,#TRUE#,#TRUE#,#FALSE#,#FALSE#,TM23,,,#FALSE#,#FALSE#,#FALSE#,#FALSE#,#FALSE#
52,Dream Eater,11,100,100,15,0,37,1,Takes one half the damage inflicted on a sleeping foe.,#TRUE#,#TRUE#,#FALSE#,#TRUE#,#TRUE#,#TRUE#,#FALSE#,#FALSE#,TM42,TM42,,#TRUE#,#FALSE#,#FALSE#,#FALSE#,#FALSE#
53,Drill Peck,10,80,100,20,0,0,1,A corkscrewing attack with the beak acting as a drill.,#TRUE#,#TRUE#,#TRUE#,#TRUE#,#TRUE#,#TRUE#,#FALSE#,#FALSE#,,,,#FALSE#,#FALSE#,#FALSE#,#TRUE#,#FALSE#
55,Earthquake,9,100,100,10,0,0,5,"A powerful quake, but has no effect on flying foes.",#TRUE#,#TRUE#,#TRUE#,#TRUE#,#TRUE#,#TRUE#,#FALSE#,#FALSE#,TM26,TM26,TM26,#FALSE#,#FALSE#,#FALSE#,#FALSE#,#FALSE#
56,Egg Bomb,1,100,75,10,0,0,1,An egg is forcibly hurled at the foe.,#TRUE#,#TRUE#,#TRUE#,#TRUE#,#TRUE#,#TRUE#,#FALSE#,#FALSE#,TM37,,,#FALSE#,#FALSE#,#FALSE#,#FALSE#,#FALSE#
57,Ember,2,40,100,25,10,39,1,A weak fire attack that may inflict a burn.,#TRUE#,#TRUE#,#FALSE#,#TRUE#,#TRUE#,#TRUE#,#FALSE#,#FALSE#,,,,#TRUE#,#FALSE#,#FALSE#,#FALSE#,#FALSE#
60,Explosion,1,250,100,5,0,42,5,Inflicts severe damage but makes the user faint.,#TRUE#,#TRUE#,#TRUE#,#TRUE#,#TRUE#,#TRUE#,#FALSE#,#FALSE#,TM47,,,#FALSE#,#FALSE#,#FALSE#,#FALSE#,#FALSE#
64,Fire Blast,2,120,85,5,10,39,1,A fiery blast that scorches all.  May cause a burn.,#TRUE#,#TRUE#,#FALSE#,#TRUE#,#TRUE#,#TRUE#,#FALSE#,#FALSE#,TM38,TM38,TM38,#TRUE#,#FALSE#,#FALSE#,#FALSE#,#FALSE#
65,Fire Punch,2,75,100,15,10,39,1,A fiery punch that may burn the foe.,#TRUE#,#TRUE#,#FALSE#,#TRUE#,#TRUE#,#TRUE#,#FALSE#,#FALSE#,,TM48,,#TRUE#,#FALSE#,#FALSE#,#TRUE#,#FALSE#
66,Fire Spin,2,15,70,15,0,15,1,Traps the foe in a ring of fire for 2 to 5 turns.,#TRUE#,#TRUE#,#TRUE#,#TRUE#,#TRUE#,#TRUE#,#FALSE#,#FALSE#,,,,#TRUE#,#FALSE#,#FALSE#,#FALSE#,#FALSE#
67,Fissure,9,0,30,5,0,47,1,A one-hit KO move that drops the foe in a fissure.,#TRUE#,#TRUE#,#FALSE#,#TRUE#,#TRUE#,#TRUE#,#FALSE#,#FALSE#,TM27,,,#FALSE#,#FALSE#,#FALSE#,#FALSE#,#FALSE#
70,Flamethrower,2,95,100,15,10,39,1,A powerful fire attack that may inflict a burn.,#TRUE#,#TRUE#,#FALSE#,#TRUE#,#TRUE#,#TRUE#,#FALSE#,#FALSE#,,,TM35,#TRUE#,#FALSE#,#FALSE#,#FALSE#,#FALSE#
71,Flash,1,0,70,20,0,50,1,Looses a powerful blast of light that cuts accuracy.,#TRUE#,#TRUE#,#FALSE#,#TRUE#,#TRUE#,#TRUE#,#FALSE#,#FALSE#,HM05,HM05,HM05,#TRUE#,#FALSE#,#FALSE#,#FALSE#,#TRUE#
72,Fly,10,70,95,15,0,51,1,"Flies up on the first turn, then strikes the next turn.",#TRUE#,#TRUE#,#TRUE#,#TRUE#,#TRUE#,#TRUE#,#FALSE#,#FALSE#,HM02,HM02,HM02,#FALSE#,#FALSE#,#FALSE#,#TRUE#,#FALSE#
73,Focus Energy,1,0,0,30,0,52,3,Focuses power to raise the critical-hit ratio.,#TRUE#,#FALSE#,#FALSE#,#TRUE#,#TRUE#,#TRUE#,#FALSE#,#TRUE#,,,,#FALSE#,#FALSE#,#FALSE#,#FALSE#,#FALSE#
76,Fury Attack,1,15,85,20,0,10,1,"Jabs the foe 2 to 5 times with sharp horns, etc.",#TRUE#,#TRUE#,#TRUE#,#TRUE#,#TRUE#,#TRUE#,#FALSE#,#FALSE#,,,,#FALSE#,#FALSE#,#FALSE#,#TRUE#,#FALSE#
78,Fury Swipes,1,18,80,15,0,10,1,"Rakes the foe with sharp claws, etc., 2 to 5 times.",#TRUE#,#TRUE#,#TRUE#,#TRUE#,#TRUE#,#TRUE#,#FALSE#,#FALSE#,,,,#FALSE#,#FALSE#,#FALSE#,#TRUE#,#FALSE#
81,Glare,1,0,75,30,0,18,1,Intimidates and frightens the foe into paralysis.,#TRUE#,#TRUE#,#FALSE#,#TRUE#,#TRUE#,#TRUE#,#FALSE#,#FALSE#,,,,#TRUE#,#FALSE#,#FALSE#,#FALSE#,#TRUE#
82,Growl,1,0,100,40,0,9,2,Growls cutely to reduce the foe's Attack.,#TRUE#,#TRUE#,#FALSE#,#TRUE#,#TRUE#,#TRUE#,#FALSE#,#FALSE#,,,,#TRUE#,#FALSE#,#TRUE#,#FALSE#,#TRUE#
83,Growth,1,0,0,40,0,58,3,Forces the body to grow and heightens Special Attack.,#TRUE#,#FALSE#,#FALSE#,#TRUE#,#TRUE#,#TRUE#,#FALSE#,#TRUE#,,,,#FALSE#,#FALSE#,#FALSE#,#FALSE#,#FALSE#
84,Guillotine,1,0,30,5,0,47,1,A powerful pincer attack that may cause fainting.,#TRUE#,#TRUE#,#FALSE#,#TRUE#,#TRUE#,#TRUE#,#FALSE#,#FALSE#,,,,#FALSE#,#FALSE#,#FALSE#,#TRUE#,#FALSE#
85,Gust,10,40,100,35,0,0,1,Strikes the foe with a gust of wind whipped up by wings.,#TRUE#,#TRUE#,#TRUE#,#TRUE#,#TRUE#,#TRUE#,#FALSE#,#FALSE#,,,,#TRUE#,#FALSE#,#FALSE#,#FALSE#,#FALSE#
86,Harden,1,0,0,30,0,29,3,Stiffens the body's muscles to raise Defense.,#TRUE#,#FALSE#,#FALSE#,#TRUE#,#TRUE#,#TRUE#,#FALSE#,#TRUE#,,,,#FALSE#,#FALSE#,#FALSE#,#FALSE#,#FALSE#
87,Haze,6,0,0,30,0,59,0,Creates a black haze that eliminates all stat changes.,#TRUE#,#FALSE#,#FALSE#,#TRUE#,#TRUE#,#TRUE#,#FALSE#,#TRUE#,,,,#FALSE#,#FALSE#,#FALSE#,#FALSE#,#FALSE#
88,Headbutt,1,70,100,15,30,16,1,A ramming attack that may cause flinching.,#TRUE#,#TRUE#,#FALSE#,#TRUE#,#TRUE#,#TRUE#,#FALSE#,#FALSE#,,TM02,,#TRUE#,#FALSE#,#FALSE#,#TRUE#,#FALSE#
90,Hi Jump Kick,7,85,90,20,0,61,1,"A jumping knee kick.  If it misses, the user is hurt.",#TRUE#,#TRUE#,#TRUE#,#TRUE#,#TRUE#,#TRUE#,#FALSE#,#FALSE#,,,,#FALSE#,#FALSE#,#FALSE#,#TRUE#,#FALSE#
92,Horn Attack,1,65,100,25,0,0,1,Jabs the foe with sharp horns.,#TRUE#,#TRUE#,#TRUE#,#TRUE#,#TRUE#,#TRUE#,#FALSE#,#FALSE#,,,,#FALSE#,#FALSE#,#FALSE#,#TRUE#,#FALSE#
93,Horn Drill,1,0,30,5,0,47,1,A one-hit KO attack that uses a horn like a drill.,#TRUE#,#TRUE#,#FALSE#,#TRUE#,#TRUE#,#TRUE#,#FALSE#,#FALSE#,TM07,,,#FALSE#,#FALSE#,#FALSE#,#TRUE#,#FALSE#
94,Hydro Pump,3,120,80,5,0,0,1,Blasts water at high power to strike the foe.,#TRUE#,#TRUE#,#TRUE#,#TRUE#,#TRUE#,#TRUE#,#FALSE#,#FALSE#,,,,#FALSE#,#FALSE#,#FALSE#,#FALSE#,#FALSE#
95,Hyper Beam,1,150,90,5,0,63,1,"Powerful, but leaves the user immobile the next turn.",#TRUE#,#TRUE#,#TRUE#,#TRUE#,#TRUE#,#TRUE#,#FALSE#,#FALSE#,TM15,TM15,TM15,#FALSE#,#FALSE#,#FALSE#,#FALSE#,#FALSE#
96,Hyper Fang,1,80,90,15,10,16,1,Attacks with sharp fangs.  May cause flinching.,#TRUE#,#TRUE#,#FALSE#,#TRUE#,#TRUE#,#TRUE#,#FALSE#,#FALSE#,,,,#TRUE#,#FALSE#,#FALSE#,#TRUE#,#FALSE#
97,Hypnosis,11,0,60,20,0,64,1,A hypnotizing move that may induce sleep.,#TRUE#,#TRUE#,#FALSE#,#TRUE#,#TRUE#,#TRUE#,#FALSE#,#FALSE#,,,,#TRUE#,#FALSE#,#FALSE#,#FALSE#,#TRUE#
98,Ice Beam,6,95,100,10,10,17,1,Blasts the foe with an icy beam that may freeze it.,#TRUE#,#TRUE#,#FALSE#,#TRUE#,#TRUE#,#TRUE#,#FALSE#,#FALSE#,TM13,,TM13,#TRUE#,#FALSE#,#FALSE#,#FALSE#,#FALSE#
99,Ice Punch,6,75,100,15,10,17,1,An icy punch that may freeze the foe.,#TRUE#,#TRUE#,#FALSE#,#TRUE#,#TRUE#,#TRUE#,#FALSE#,#FALSE#,,TM33,,#TRUE#,#FALSE#,#FALSE#,#TRUE#,#FALSE#
102,Jump Kick,7,70,95,25,0,61,1,A strong jumping kick.  May miss and hurt the kicker.,#TRUE#,#TRUE#,#TRUE#,#TRUE#,#TRUE#,#TRUE#,#FALSE#,#FALSE#,,,,#FALSE#,#FALSE#,#FALSE#,#TRUE#,#FALSE#
103,Karate Chop,7,50,100,25,0,4,1,A chopping attack with a high critical-hit ratio.,#TRUE#,#TRUE#,#TRUE#,#TRUE#,#TRUE#,#TRUE#,#FALSE#,#FALSE#,,,,#FALSE#,#FALSE#,#FALSE#,#TRUE#,#FALSE#
104,Kinesis,11,0,80,15,0,50,1,Distracts the foe.  May lower accuracy.,#TRUE#,#TRUE#,#FALSE#,#TRUE#,#TRUE#,#TRUE#,#FALSE#,#FALSE#,,,,#TRUE#,#FALSE#,#FALSE#,#FALSE#,#FALSE#
105,Leech Life,12,20,100,15,0,1,1,An attack that steals half the damage inflicted.,#TRUE#,#TRUE#,#FALSE#,#TRUE#,#TRUE#,#TRUE#,#FALSE#,#FALSE#,,,,#TRUE#,#FALSE#,#FALSE#,#TRUE#,#FALSE#
106,Leech Seed,5,0,90,10,0,46,1,Plants a seed on the foe to steal HP on every turn.,#TRUE#,#TRUE#,#FALSE#,#TRUE#,#TRUE#,#TRUE#,#FALSE#,#FALSE#,,,,#TRUE#,#FALSE#,#FALSE#,#FALSE#,#TRUE#
107,Leer,1,0,100,30,0,2,2,Frightens the foe with a leer to lower Defense.,#TRUE#,#TRUE#,#FALSE#,#TRUE#,#TRUE#,#TRUE#,#FALSE#,#FALSE#,,,,#TRUE#,#FALSE#,#FALSE#,#FALSE#,#TRUE#
108,Lick,14,20,100,30,30,18,1,Licks with a long tongue to injure.  May also paralyze.,#TRUE#,#TRUE#,#FALSE#,#TRUE#,#TRUE#,#TRUE#,#FALSE#,#FALSE#,,,,#TRUE#,#FALSE#,#FALSE#,#TRUE#,#FALSE#
109,Light Screen,11,0,0,30,0,57,4,Creates a wall of light that lowers Special Attack damage.,#TRUE#,#FALSE#,#FALSE#,#TRUE#,#TRUE#,#TRUE#,#FALSE#,#TRUE#,,,TM16,#FALSE#,#FALSE#,#FALSE#,#FALSE#,#FALSE#
111,Lovely Kiss,1,0,75,10,0,64,1,Demands a kiss with a scary face that induces sleep.,#TRUE#,#TRUE#,#FALSE#,#TRUE#,#TRUE#,#TRUE#,#FALSE#,#FALSE#,,,,#TRUE#,#FALSE#,#FALSE#,#FALSE#,#TRUE#
112,Low Kick,7,0,100,20,30,70,1,A kick that inflicts more damage on heavier foes.,#TRUE#,#TRUE#,#TRUE#,#TRUE#,#TRUE#,#TRUE#,#FALSE#,#FALSE#,,,,#TRUE#,#FALSE#,#FALSE#,#TRUE#,#FALSE#
116,Meditate,11,0,0,40,0,68,3,Meditates in a peaceful fashion to raise Attack.,#TRUE#,#FALSE#,#FALSE#,#TRUE#,#TRUE#,#TRUE#,#FALSE#,#TRUE#,,,,#FALSE#,#FALSE#,#FALSE#,#FALSE#,#FALSE#
117,Mega Drain,5,40,100,10,0,1,1,An attack that absorbs half the damage inflicted.,#TRUE#,#TRUE#,#FALSE#,#TRUE#,#TRUE#,#TRUE#,#FALSE#,#FALSE#,TM21,,,#TRUE#,#FALSE#,#FALSE#,#FALSE#,#FALSE#
118,Mega Kick,1,120,75,5,0,0,1,An extremely powerful kick with intense force.,#TRUE#,#TRUE#,#TRUE#,#TRUE#,#TRUE#,#TRUE#,#FALSE#,#FALSE#,TM05,,,#FALSE#,#FALSE#,#FALSE#,#TRUE#,#FALSE#
119,Mega Punch,1,80,85,20,0,0,1,A strong punch thrown with incredible power.,#TRUE#,#TRUE#,#TRUE#,#TRUE#,#TRUE#,#TRUE#,#FALSE#,#FALSE#,TM01,,,#FALSE#,#FALSE#,#FALSE#,#TRUE#,#FALSE#
122,Metronome,1,0,0,10,0,69,8,Waggles a finger to use any Pokémon move at random.,#TRUE#,#FALSE#,#FALSE#,#TRUE#,#TRUE#,#TRUE#,#FALSE#,#FALSE#,TM35,,,#FALSE#,#FALSE#,#FALSE#,#FALSE#,#FALSE#
124,Mimic,1,0,100,10,0,71,1,Copies a move used by the foe during one battle.,#TRUE#,#TRUE#,#FALSE#,#TRUE#,#TRUE#,#TRUE#,#FALSE#,#FALSE#,TM31,,,#FALSE#,#FALSE#,#FALSE#,#FALSE#,#FALSE#
126,Minimize,1,0,0,20,0,34,3,Minimizes the user's size to raise evasiveness.,#TRUE#,#FALSE#,#FALSE#,#TRUE#,#TRUE#,#TRUE#,#FALSE#,#TRUE#,,,,#FALSE#,#FALSE#,#FALSE#,#FALSE#,#FALSE#
128,Mirror Move,10,0,0,20,0,73,7,Counters the foe's attack with the same move.,#TRUE#,#FALSE#,#FALSE#,#TRUE#,#TRUE#,#TRUE#,#FALSE#,#TRUE#,,,,#FALSE#,#FALSE#,#FALSE#,#FALSE#,#FALSE#
129,Mist,6,0,0,30,0,74,3,Creates a mist that stops reduction of abilities.,#TRUE#,#FALSE#,#FALSE#,#TRUE#,#TRUE#,#TRUE#,#FALSE#,#TRUE#,,,,#FALSE#,#FALSE#,#FALSE#,#FALSE#,#FALSE#
133,Night Shade,14,0,100,15,0,76,1,Inflicts damage identical to the user's level.,#TRUE#,#TRUE#,#TRUE#,#TRUE#,#TRUE#,#TRUE#,#FALSE#,#FALSE#,,,,#FALSE#,#FALSE#,#FALSE#,#FALSE#,#FALSE#
138,Pay Day,1,40,100,20,0,80,1,Throws coins at the foe.  Money is recovered after.,#TRUE#,#TRUE#,#TRUE#,#TRUE#,#TRUE#,#TRUE#,#FALSE#,#FALSE#,TM16,,,#FALSE#,#FALSE#,#FALSE#,#FALSE#,#FALSE#
139,Peck,10,35,100,35,0,0,1,"Attacks the foe with a jabbing beak, etc.",#TRUE#,#TRUE#,#TRUE#,#TRUE#,#TRUE#,#TRUE#,#FALSE#,#FALSE#,,,,#FALSE#,#FALSE#,#FALSE#,#TRUE#,#FALSE#
141,Petal Dance,5,70,100,20,0,79,6,A rampage of 2 to 3 turns that confuses the user.,#TRUE#,#TRUE#,#TRUE#,#TRUE#,#TRUE#,#TRUE#,#FALSE#,#FALSE#,,,,#FALSE#,#FALSE#,#FALSE#,#TRUE#,#FALSE#
142,Pin Missile,12,14,85,20,0,10,1,Sharp pins are fired to strike 2 to 5 times.,#TRUE#,#TRUE#,#TRUE#,#TRUE#,#TRUE#,#TRUE#,#FALSE#,#FALSE#,,,,#FALSE#,#FALSE#,#FALSE#,#FALSE#,#FALSE#
143,Poison Gas,8,0,55,40,0,81,1,Envelops the foe in a toxic gas that may poison.,#TRUE#,#TRUE#,#FALSE#,#TRUE#,#TRUE#,#TRUE#,#FALSE#,#FALSE#,,,,#TRUE#,#FALSE#,#FALSE#,#FALSE#,#TRUE#
144,Poison Sting,8,15,100,35,30,81,1,"A toxic attack with barbs, etc., that may poison.",#TRUE#,#TRUE#,#FALSE#,#TRUE#,#TRUE#,#TRUE#,#FALSE#,#FALSE#,,,,#TRUE#,#FALSE#,#FALSE#,#FALSE#,#FALSE#
145,Poisonpowder,8,0,75,35,0,81,1,Scatters a toxic powder that may poison the foe.,#TRUE#,#TRUE#,#FALSE#,#TRUE#,#TRUE#,#TRUE#,#FALSE#,#FALSE#,,,,#TRUE#,#FALSE#,#FALSE#,#FALSE#,#TRUE#
146,Pound,1,40,100,35,0,0,1,Pounds the foe with forelegs or tail.,#TRUE#,#TRUE#,#TRUE#,#TRUE#,#TRUE#,#TRUE#,#FALSE#,#FALSE#,,,,#FALSE#,#FALSE#,#FALSE#,#TRUE#,#FALSE#
150,Psybeam,11,65,100,20,10,22,1,Fires a peculiar ray that may confuse the foe.,#TRUE#,#TRUE#,#FALSE#,#TRUE#,#TRUE#,#TRUE#,#FALSE#,#FALSE#,,,,#TRUE#,#FALSE#,#FALSE#,#FALSE#,#FALSE#
152,Psychic,11,90,100,10,10,27,1,A powerful psychic attack that may lower Special Defense.,#TRUE#,#TRUE#,#FALSE#,#TRUE#,#TRUE#,#TRUE#,#FALSE#,#FALSE#,TM29,TM29,TM29,#TRUE#,#FALSE#,#FALSE#,#FALSE#,#FALSE#
153,Psywave,11,0,80,15,0,85,1,Attacks with a psychic wave of varying intensity.,#TRUE#,#TRUE#,#TRUE#,#TRUE#,#TRUE#,#TRUE#,#FALSE#,#FALSE#,TM46,,,#FALSE#,#FALSE#,#FALSE#,#FALSE#,#FALSE#
155,Quick Attack,1,40,100,30,0,43,1,An extremely fast attack that always strikes first.,#TRUE#,#TRUE#,#TRUE#,#TRUE#,#TRUE#,#TRUE#,#FALSE#,#FALSE#,,,,#FALSE#,#FALSE#,#FALSE#,#TRUE#,#FALSE#
156,Rage,1,20,100,20,0,87,1,Raises the user's Attack every time it is hit.,#TRUE#,#TRUE#,#TRUE#,#TRUE#,#TRUE#,#TRUE#,#FALSE#,#FALSE#,TM20,,,#FALSE#,#FALSE#,#FALSE#,#TRUE#,#FALSE#
159,Razor Leaf,5,55,95,25,0,4,2,Cuts the enemy with leaves.  High critical-hit ratio.,#TRUE#,#TRUE#,#TRUE#,#TRUE#,#TRUE#,#TRUE#,#FALSE#,#FALSE#,,,,#FALSE#,#FALSE#,#FALSE#,#FALSE#,#FALSE#
160,Razor Wind,1,80,100,10,0,99,2,A 2-turn move that strikes the foe on the 2nd turn.,#TRUE#,#TRUE#,#TRUE#,#TRUE#,#TRUE#,#TRUE#,#FALSE#,#FALSE#,TM02,,,#FALSE#,#FALSE#,#FALSE#,#FALSE#,#FALSE#
161,Recover,1,0,0,20,0,90,3,Recovers up to half the user's maximum HP.,#TRUE#,#FALSE#,#FALSE#,#TRUE#,#TRUE#,#TRUE#,#FALSE#,#TRUE#,,,,#FALSE#,#FALSE#,#FALSE#,#FALSE#,#FALSE#
162,Reflect,11,0,0,20,0,91,4,Creates a wall of light that weakens physical attacks.,#TRUE#,#FALSE#,#FALSE#,#TRUE#,#TRUE#,#TRUE#,#FALSE#,#TRUE#,TM33,,TM33,#FALSE#,#FALSE#,#FALSE#,#FALSE#,#FALSE#
163,Rest,11,0,0,10,0,92,3,"The user sleeps for 2 turns, restoring HP and status.",#TRUE#,#FALSE#,#FALSE#,#TRUE#,#TRUE#,#TRUE#,#FALSE#,#TRUE#,TM44,TM44,TM44,#FALSE#,#FALSE#,#FALSE#,#FALSE#,#FALSE#
166,Roar,1,0,100,20,0,93,1,Makes the foe flee to end the battle.,#TRUE#,#TRUE#,#FALSE#,#TRUE#,#TRUE#,#TRUE#,#FALSE#,#FALSE#,,TM05,TM05,#FALSE#,#FALSE#,#TRUE#,#FALSE#,#FALSE#
167,Rock Slide,13,75,90,10,30,16,2,Large boulders are hurled.  May cause flinching.,#TRUE#,#TRUE#,#FALSE#,#TRUE#,#TRUE#,#TRUE#,#FALSE#,#FALSE#,TM48,,,#TRUE#,#FALSE#,#FALSE#,#FALSE#,#FALSE#
169,Rock Throw,13,50,90,15,0,0,1,Throws small rocks to strike the foe.,#TRUE#,#TRUE#,#TRUE#,#TRUE#,#TRUE#,#TRUE#,#FALSE#,#FALSE#,,,,#FALSE#,#FALSE#,#FALSE#,#FALSE#,#FALSE#
170,Rolling Kick,7,60,85,15,30,16,1,A fast kick delivered from a rapid spin.,#TRUE#,#TRUE#,#TRUE#,#TRUE#,#TRUE#,#TRUE#,#FALSE#,#FALSE#,,,,#TRUE#,#FALSE#,#FALSE#,#TRUE#,#FALSE#
175,Sand-Attack,9,0,100,15,0,50,1,Reduces the foe's accuracy by hurling sand in its face.,#TRUE#,#TRUE#,#FALSE#,#TRUE#,#TRUE#,#TRUE#,#FALSE#,#FALSE#,,,,#TRUE#,#FALSE#,#FALSE#,#FALSE#,#FALSE#
177,Scratch,1,40,100,35,0,0,1,Scratches the foe with sharp claws.,#TRUE#,#TRUE#,#TRUE#,#TRUE#,#TRUE#,#TRUE#,#FALSE#,#FALSE#,,,,#FALSE#,#FALSE#,#FALSE#,#TRUE#,#FALSE#
178,Screech,1,0,85,40,0,96,1,Emits a screech to sharply reduce the foe's Defense.,#TRUE#,#TRUE#,#FALSE#,#TRUE#,#TRUE#,#TRUE#,#FALSE#,#FALSE#,,,,#TRUE#,#FALSE#,#TRUE#,#FALSE#,#TRUE#
179,Seismic Toss,7,0,100,20,0,76,1,Inflicts damage identical to the user's level.,#TRUE#,#TRUE#,#TRUE#,#TRUE#,#TRUE#,#TRUE#,#FALSE#,#FALSE#,TM19,,,#FALSE#,#FALSE#,#FALSE#,#TRUE#,#FALSE#
180,Selfdestruct,1,200,100,5,0,42,5,Inflicts severe damage but makes the user faint.,#TRUE#,#TRUE#,#TRUE#,#TRUE#,#TRUE#,#TRUE#,#FALSE#,#FALSE#,TM36,,,#FALSE#,#FALSE#,#FALSE#,#FALSE#,#FALSE#
182,Sharpen,1,0,0,30,0,68,3,Reduces the polygon count and raises Attack.,#TRUE#,#FALSE#,#FALSE#,#TRUE#,#TRUE#,#TRUE#,#FALSE#,#TRUE#,,,,#FALSE#,#FALSE#,#FALSE#,#FALSE#,#FALSE#
183,Sing,1,0,55,15,0,64,1,A soothing song lulls the foe into a deep slumber.,#TRUE#,#TRUE#,#FALSE#,#TRUE#,#TRUE#,#TRUE#,#FALSE#,#FALSE#,,,,#TRUE#,#FALSE#,#TRUE#,#FALSE#,#TRUE#
185,Skull Bash,1,100,100,15,0,98,1,"Tucks in the head, then attacks on the next turn.",#TRUE#,#TRUE#,#TRUE#,#TRUE#,#TRUE#,#TRUE#,#FALSE#,#FALSE#,TM40,,,#FALSE#,#FALSE#,#FALSE#,#TRUE#,#FALSE#
186,Sky Attack,10,140,90,5,0,99,1,"Searches out weak spots, then strikes the next turn.",#TRUE#,#TRUE#,#TRUE#,#TRUE#,#TRUE#,#TRUE#,#FALSE#,#FALSE#,TM43,,,#FALSE#,#FALSE#,#FALSE#,#FALSE#,#FALSE#
187,Slam,1,80,75,20,0,0,1,"Slams the foe with a long tail, vine, etc.",#TRUE#,#TRUE#,#TRUE#,#TRUE#,#TRUE#,#TRUE#,#FALSE#,#FALSE#,,,,#FALSE#,#FALSE#,#FALSE#,#TRUE#,#FALSE#
188,Slash,1,70,100,20,0,4,1,"Slashes with claws, etc.  Has a high critical-hit ratio.",#TRUE#,#TRUE#,#TRUE#,#TRUE#,#TRUE#,#TRUE#,#FALSE#,#FALSE#,,,,#FALSE#,#FALSE#,#FALSE#,#TRUE#,#FALSE#
189,Sleep Powder,5,0,75,15,0,64,1,Scatters a powder that may cause the foe to sleep.,#TRUE#,#TRUE#,#FALSE#,#TRUE#,#TRUE#,#TRUE#,#FALSE#,#FALSE#,,,,#TRUE#,#FALSE#,#FALSE#,#FALSE#,#TRUE#
191,Sludge,8,65,100,20,30,81,1,Sludge is hurled to inflict damage.  May also poison.,#TRUE#,#TRUE#,#FALSE#,#TRUE#,#TRUE#,#TRUE#,#FALSE#,#FALSE#,,,,#TRUE#,#FALSE#,#FALSE#,#FALSE#,#FALSE#
193,Smog,8,20,70,20,40,81,1,An exhaust-gas attack that may also poison.,#TRUE#,#TRUE#,#FALSE#,#TRUE#,#TRUE#,#TRUE#,#FALSE#,#FALSE#,,,,#TRUE#,#FALSE#,#FALSE#,#FALSE#,#FALSE#
194,Smokescreen,1,0,100,20,0,50,1,"Lowers the foe's accuracy using smoke, ink, etc.",#TRUE#,#TRUE#,#FALSE#,#TRUE#,#TRUE#,#TRUE#,#FALSE#,#FALSE#,,,,#TRUE#,#FALSE#,#FALSE#,#FALSE#,#TRUE#
196,Softboiled,1,0,100,10,0,90,3,Recovers up to half the user's maximum HP.,#TRUE#,#FALSE#,#FALSE#,#TRUE#,#TRUE#,#TRUE#,#FALSE#,#TRUE#,TM41,,,#FALSE#,#FALSE#,#FALSE#,#FALSE#,#FALSE#
197,Solar Beam,5,120,100,10,0,102,1,"Absorbs light in one turn, then attacks next turn.",#TRUE#,#TRUE#,#FALSE#,#TRUE#,#TRUE#,#TRUE#,#FALSE#,#FALSE#,TM22,TM22,TM22,#FALSE#,#FALSE#,#FALSE#,#FALSE#,#FALSE#
198,Sonicboom,1,0,90,20,0,103,1,Launches shock waves that always inflict 20 HP damage.,#TRUE#,#TRUE#,#TRUE#,#TRUE#,#TRUE#,#TRUE#,#FALSE#,#FALSE#,,,,#FALSE#,#FALSE#,#FALSE#,#FALSE#,#FALSE#
201,Spike Cannon,1,20,100,15,0,10,1,Launches sharp spikes that strike 2 to 5 times.,#TRUE#,#TRUE#,#TRUE#,#TRUE#,#TRUE#,#TRUE#,#FALSE#,#FALSE#,,,,#FALSE#,#FALSE#,#FALSE#,#FALSE#,#FALSE#
204,Splash,1,0,0,40,0,106,0,It's just a splash...  Has no effect whatsoever.,#TRUE#,#FALSE#,#FALSE#,#TRUE#,#TRUE#,#TRUE#,#FALSE#,#TRUE#,,,,#FALSE#,#FALSE#,#FALSE#,#FALSE#,#FALSE#
205,Spore,5,0,100,15,0,64,1,Scatters a cloud of spores that always induce sleep.,#TRUE#,#TRUE#,#FALSE#,#TRUE#,#TRUE#,#TRUE#,#FALSE#,#FALSE#,,,,#TRUE#,#FALSE#,#FALSE#,#FALSE#,#TRUE#
207,Stomp,1,65,100,20,30,16,1,Stomps the enemy with a big foot.  May cause flinching.,#TRUE#,#TRUE#,#FALSE#,#TRUE#,#TRUE#,#TRUE#,#FALSE#,#FALSE#,,,,#TRUE#,#FALSE#,#FALSE#,#TRUE#,#FALSE#
208,Strength,1,80,100,15,0,0,1,"Builds enormous power, then slams the foe.",#TRUE#,#TRUE#,#TRUE#,#TRUE#,#TRUE#,#TRUE#,#FALSE#,#FALSE#,HM04,HM04,HM04,#FALSE#,#FALSE#,#FALSE#,#TRUE#,#FALSE#
209,String Shot,12,0,95,40,0,20,2,Binds the foe with string to reduce its Speed.,#TRUE#,#TRUE#,#FALSE#,#TRUE#,#TRUE#,#TRUE#,#FALSE#,#FALSE#,,,,#TRUE#,#FALSE#,#FALSE#,#FALSE#,#TRUE#
210,Struggle,1,50,100,10,0,35,6,Used only if all PP are gone.  Also hurts the user a little.,#TRUE#,#TRUE#,#TRUE#,#TRUE#,#TRUE#,#TRUE#,#FALSE#,#FALSE#,,,,#FALSE#,#FALSE#,#FALSE#,#TRUE#,#FALSE#
211,Stun Spore,5,0,75,30,0,18,1,Scatters a powder that may paralyze the foe.,#TRUE#,#TRUE#,#FALSE#,#TRUE#,#TRUE#,#TRUE#,#FALSE#,#FALSE#,,,,#TRUE#,#FALSE#,#FALSE#,#FALSE#,#TRUE#
212,Submission,7,80,80,25,0,35,1,A reckless body slam that also hurts the user.,#TRUE#,#TRUE#,#TRUE#,#TRUE#,#TRUE#,#TRUE#,#FALSE#,#FALSE#,TM17,,,#FALSE#,#FALSE#,#FALSE#,#TRUE#,#FALSE#
213,Substitute,1,0,0,10,0,107,3,Creates a decoy using 1/4 of the user's maximum HP.,#TRUE#,#FALSE#,#FALSE#,#TRUE#,#TRUE#,#TRUE#,#FALSE#,#TRUE#,TM50,,,#FALSE#,#FALSE#,#FALSE#,#FALSE#,#FALSE#
215,Super Fang,1,0,90,10,0,109,1,Attacks with sharp fangs and cuts half the foe's HP.,#TRUE#,#TRUE#,#FALSE#,#TRUE#,#TRUE#,#TRUE#,#FALSE#,#FALSE#,,,,#FALSE#,#FALSE#,#FALSE#,#TRUE#,#FALSE#
216,Supersonic,1,0,55,20,0,22,1,Emits bizarre sound waves that may confuse the foe.,#TRUE#,#TRUE#,#FALSE#,#TRUE#,#TRUE#,#TRUE#,#FALSE#,#FALSE#,,,,#TRUE#,#FALSE#,#TRUE#,#FALSE#,#TRUE#
217,Surf,3,95,100,15,0,0,2,"Creates a huge wave, then crashes it down on the foe.",#TRUE#,#TRUE#,#TRUE#,#TRUE#,#TRUE#,#TRUE#,#FALSE#,#FALSE#,HM03,HM03,HM03,#FALSE#,#FALSE#,#FALSE#,#FALSE#,#FALSE#
221,Swift,1,60,0,20,0,44,2,Sprays star-shaped rays that never miss.,#TRUE#,#FALSE#,#TRUE#,#TRUE#,#TRUE#,#TRUE#,#FALSE#,#FALSE#,TM39,TM39,,#FALSE#,#FALSE#,#FALSE#,#FALSE#,#FALSE#
222,Swords Dance,1,0,0,30,0,112,3,A fighting dance that sharply raises Attack.,#TRUE#,#FALSE#,#FALSE#,#TRUE#,#TRUE#,#TRUE#,#FALSE#,#TRUE#,TM03,,,#FALSE#,#FALSE#,#FALSE#,#FALSE#,#FALSE#
224,Tackle,1,35,95,35,0,0,1,Charges the foe with a full-body tackle.,#TRUE#,#TRUE#,#TRUE#,#TRUE#,#TRUE#,#TRUE#,#FALSE#,#FALSE#,,,,#FALSE#,#FALSE#,#FALSE#,#TRUE#,#FALSE#
225,Tail Whip,1,0,100,30,0,2,2,Wags the tail to lower the foe's Defense.,#TRUE#,#TRUE#,#FALSE#,#TRUE#,#TRUE#,#TRUE#,#FALSE#,#FALSE#,,,,#TRUE#,#FALSE#,#FALSE#,#FALSE#,#TRUE#
226,Take Down,1,90,85,20,0,35,1,A reckless charge attack that also hurts the user.,#TRUE#,#TRUE#,#TRUE#,#TRUE#,#TRUE#,#TRUE#,#FALSE#,#FALSE#,TM09,,,#FALSE#,#FALSE#,#FALSE#,#TRUE#,#FALSE#
227,Teleport,11,0,0,20,0,113,3,A psychic move for fleeing from battle instantly.,#TRUE#,#FALSE#,#FALSE#,#TRUE#,#TRUE#,#TRUE#,#FALSE#,#TRUE#,TM30,,,#FALSE#,#FALSE#,#FALSE#,#FALSE#,#FALSE#
229,Thrash,1,90,100,20,0,79,6,A rampage of 2 to 3 turns that confuses the user.,#TRUE#,#TRUE#,#TRUE#,#TRUE#,#TRUE#,#TRUE#,#FALSE#,#FALSE#,,,,#FALSE#,#FALSE#,#FALSE#,#TRUE#,#FALSE#
230,Thunder,4,120,70,10,30,18,1,A lightning attack that may cause paralysis.,#TRUE#,#TRUE#,#FALSE#,#TRUE#,#TRUE#,#TRUE#,#FALSE#,#FALSE#,TM25,TM25,TM25,#TRUE#,#FALSE#,#FALSE#,#FALSE#,#FALSE#
231,Thunder Wave,4,0,100,20,0,18,1,A weak jolt of electricity that paralyzes the foe.,#TRUE#,#TRUE#,#FALSE#,#TRUE#,#TRUE#,#TRUE#,#FALSE#,#FALSE#,TM45,,,#TRUE#,#FALSE#,#FALSE#,#FALSE#,#TRUE#
232,Thunderbolt,4,95,100,15,10,18,1,A strong electrical attack that may paralyze the foe.,#TRUE#,#TRUE#,#FALSE#,#TRUE#,#TRUE#,#TRUE#,#FALSE#,#FALSE#,TM24,,TM24,#TRUE#,#FALSE#,#FALSE#,#FALSE#,#FALSE#
233,Thunderpunch,4,75,100,15,10,18,1,An electrified punch that may paralyze the foe.,#TRUE#,#TRUE#,#FALSE#,#TRUE#,#TRUE#,#TRUE#,#FALSE#,#FALSE#,,TM41,,#TRUE#,#FALSE#,#FALSE#,#TRUE#,#FALSE#
234,Thundershock,4,40,100,30,10,18,1,An electrical attack that may paralyze the foe.,#TRUE#,#TRUE#,#FALSE#,#TRUE#,#TRUE#,#TRUE#,#FALSE#,#FALSE#,,,,#TRUE#,#FALSE#,#FALSE#,#FALSE#,#FALSE#
235,Toxic,8,0,85,10,0,115,1,Poisons the foe with an intensifying toxin.,#TRUE#,#TRUE#,#FALSE#,#TRUE#,#TRUE#,#TRUE#,#FALSE#,#FALSE#,TM06,TM06,TM06,#TRUE#,#FALSE#,#FALSE#,#FALSE#,#TRUE#
236,Transform,1,0,0,10,0,116,1,Alters the user's cells to become a copy of the foe.,#TRUE#,#FALSE#,#FALSE#,#TRUE#,#TRUE#,#TRUE#,#FALSE#,#TRUE#,,,,#FALSE#,#FALSE#,#FALSE#,#FALSE#,#FALSE#
237,Tri Attack,1,80,100,10,20,117,1,Fires three types of beams at the same time.,#TRUE#,#TRUE#,#FALSE#,#TRUE#,#TRUE#,#TRUE#,#FALSE#,#FALSE#,TM49,,,#FALSE#,#FALSE#,#FALSE#,#FALSE#,#FALSE#
239,Twineedle,12,25,100,20,20,119,1,Stingers on the forelegs jab the foe twice.,#TRUE#,#TRUE#,#FALSE#,#TRUE#,#TRUE#,#TRUE#,#FALSE#,#FALSE#,,,,#FALSE#,#FALSE#,#FALSE#,#FALSE#,#FALSE#
241,Vicegrip,1,55,100,30,0,0,1,Grips the foe with large and powerful pincers.,#TRUE#,#TRUE#,#FALSE#,#TRUE#,#TRUE#,#TRUE#,#FALSE#,#FALSE#,,,,#FALSE#,#FALSE#,#FALSE#,#TRUE#,#FALSE#
242,Vine Whip,5,35,100,10,0,0,1,"Strikes the foe with slender, whiplike vines.",#TRUE#,#TRUE#,#TRUE#,#TRUE#,#TRUE#,#TRUE#,#FALSE#,#FALSE#,,,,#FALSE#,#FALSE#,#FALSE#,#TRUE#,#FALSE#
244,Water Gun,3,40,100,25,0,0,1,Squirts water to attack the foe.,#TRUE#,#TRUE#,#TRUE#,#TRUE#,#TRUE#,#TRUE#,#FALSE#,#FALSE#,TM12,,,#FALSE#,#FALSE#,#FALSE#,#FALSE#,#FALSE#
245,Waterfall,3,80,100,15,0,0,1,Charges the foe with speed to climb waterfalls.,#TRUE#,#TRUE#,#TRUE#,#TRUE#,#TRUE#,#TRUE#,#FALSE#,#FALSE#,,HM07,HM07,#FALSE#,#FALSE#,#FALSE#,#TRUE#,#FALSE#
247,Whirlwind,1,0,100,20,0,93,1,Blows away the foe with wind and ends the battle.,#TRUE#,#TRUE#,#FALSE#,#TRUE#,#TRUE#,#TRUE#,#FALSE#,#FALSE#,TM04,,,#FALSE#,#FALSE#,#FALSE#,#FALSE#,#FALSE#
248,Wing Attack,10,60,100,35,0,0,1,Strikes the foe with wings spread wide.,#TRUE#,#TRUE#,#TRUE#,#TRUE#,#TRUE#,#TRUE#,#FALSE#,#FALSE#,,,,#FALSE#,#FALSE#,#FALSE#,#TRUE#,#FALSE#
249,Withdraw,3,0,0,40,0,29,3,Withdraws the body into its hard shell to raise Defense.,#TRUE#,#FALSE#,#FALSE#,#TRUE#,#TRUE#,#TRUE#,#FALSE#,#TRUE#,,,,#FALSE#,#FALSE#,#FALSE#,#FALSE#,#FALSE#
250,Wrap,1,15,85,20,0,15,1,"Wraps and squeezes the foe 2 to 5 times with vines, etc.",#TRUE#,#TRUE#,#TRUE#,#TRUE#,#TRUE#,#TRUE#,#FALSE#,#FALSE#,,,,#TRUE#,#FALSE#,#FALSE#,#TRUE#,#FALSE#
4,Aeroblast,10,100,95,5,0,4,1,Launches a vacuumed blast.  High critical-hit ratio.,#TRUE#,#TRUE#,#TRUE#,#FALSE#,#TRUE#,#TRUE#,#FALSE#,#FALSE#,,,,#FALSE#,#FALSE#,#FALSE#,#FALSE#,#FALSE#
7,Ancientpower,13,60,100,5,10,7,1,An attack that may raise all stats.,#TRUE#,#TRUE#,#FALSE#,#FALSE#,#TRUE#,#TRUE#,#FALSE#,#FALSE#,,,,#FALSE#,#FALSE#,#FALSE#,#TRUE#,#FALSE#
8,Attract,1,0,100,15,0,8,1,Makes the opposite gender less likely to attack.,#TRUE#,#TRUE#,#FALSE#,#FALSE#,#TRUE#,#TRUE#,#FALSE#,#FALSE#,,TM45,TM45,#TRUE#,#FALSE#,#FALSE#,#FALSE#,#TRUE#
12,Baton Pass,1,0,0,40,0,11,3,Switches out the user while keeping effects in play.,#TRUE#,#FALSE#,#FALSE#,#FALSE#,#TRUE#,#TRUE#,#FALSE#,#TRUE#,,,,#FALSE#,#FALSE#,#FALSE#,#FALSE#,#FALSE#
13,Beat Up,16,10,100,10,0,12,1,Summons party Pokémon to join in the attack.,#TRUE#,#TRUE#,#TRUE#,#FALSE#,#TRUE#,#TRUE#,#FALSE#,#FALSE#,,,,#FALSE#,#FALSE#,#FALSE#,#FALSE#,#FALSE#
14,Belly Drum,1,0,0,10,0,13,3,Maximizes Attack while sacrificing HP.,#TRUE#,#FALSE#,#FALSE#,#FALSE#,#TRUE#,#TRUE#,#FALSE#,#TRUE#,,,,#FALSE#,#FALSE#,#FALSE#,#FALSE#,#FALSE#
21,Bone Rush,9,25,80,10,0,10,1,Strikes the foe with a bone in hand 2 to 5 times.,#TRUE#,#TRUE#,#TRUE#,#FALSE#,#TRUE#,#TRUE#,#FALSE#,#FALSE#,,,,#FALSE#,#FALSE#,#FALSE#,#FALSE#,#FALSE#
25,Charm,1,0,100,20,0,21,1,Charms the foe and sharply reduces its Attack.,#TRUE#,#TRUE#,#FALSE#,#FALSE#,#TRUE#,#TRUE#,#FALSE#,#FALSE#,,,,#TRUE#,#FALSE#,#FALSE#,#FALSE#,#TRUE#
32,Conversion2,1,0,100,30,0,24,3,Makes the user resistant to the last attack's type.,#TRUE#,#TRUE#,#FALSE#,#FALSE#,#TRUE#,#TRUE#,#FALSE#,#FALSE#,,,,#FALSE#,#FALSE#,#FALSE#,#FALSE#,#FALSE#
33,Cotton Spore,5,0,85,40,0,25,1,"Spores cling to the foe, sharply reducing Speed.",#TRUE#,#TRUE#,#FALSE#,#FALSE#,#TRUE#,#TRUE#,#FALSE#,#FALSE#,,,,#TRUE#,#FALSE#,#FALSE#,#FALSE#,#TRUE#
36,Cross Chop,7,100,80,5,0,4,1,A double-chopping attack.  High critical-hit ratio.,#TRUE#,#TRUE#,#TRUE#,#FALSE#,#TRUE#,#TRUE#,#FALSE#,#FALSE#,,,,#FALSE#,#FALSE#,#FALSE#,#TRUE#,#FALSE#
37,Crunch,16,80,100,15,20,27,1,Crunches with sharp fangs.  May lower Special Defense.,#TRUE#,#TRUE#,#FALSE#,#FALSE#,#TRUE#,#TRUE#,#FALSE#,#FALSE#,,,,#TRUE#,#FALSE#,#FALSE#,#TRUE#,#FALSE#
38,Curse,14,0,0,10,0,28,3,A move that functions differently for Ghosts.,#TRUE#,#FALSE#,#FALSE#,#FALSE#,#TRUE#,#TRUE#,#FALSE#,#TRUE#,,TM03,,#FALSE#,#FALSE#,#FALSE#,#FALSE#,#FALSE#
41,Destiny Bond,14,0,0,5,0,30,7,"If the user faints, the foe is also made to faint.",#TRUE#,#FALSE#,#FALSE#,#FALSE#,#TRUE#,#TRUE#,#FALSE#,#TRUE#,,,,#FALSE#,#FALSE#,#FALSE#,#FALSE#,#FALSE#
42,Detect,7,0,0,5,0,31,3,"Evades attack, but may fail if used in succession.",#TRUE#,#FALSE#,#FALSE#,#FALSE#,#TRUE#,#TRUE#,#FALSE#,#TRUE#,,TM43,,#FALSE#,#FALSE#,#FALSE#,#FALSE#,#FALSE#
51,Dragonbreath,15,60,100,20,30,18,1,Strikes the foe with an incredible blast of breath.,#TRUE#,#TRUE#,#TRUE#,#FALSE#,#TRUE#,#TRUE#,#FALSE#,#FALSE#,,TM24,,#TRUE#,#FALSE#,#FALSE#,#FALSE#,#FALSE#
54,Dynamicpunch,7,100,50,5,100,22,1,"Powerful and sure to cause confusion, but inaccurate.",#TRUE#,#TRUE#,#FALSE#,#FALSE#,#TRUE#,#TRUE#,#FALSE#,#FALSE#,,TM01,,#TRUE#,#FALSE#,#FALSE#,#TRUE#,#FALSE#
58,Encore,1,0,100,5,0,40,1,Makes the foe repeat its last move over 2 to 6 turns.,#TRUE#,#TRUE#,#FALSE#,#FALSE#,#TRUE#,#TRUE#,#FALSE#,#FALSE#,,,,#FALSE#,#FALSE#,#FALSE#,#FALSE#,#FALSE#
59,Endure,1,0,0,10,0,41,3,"Endures any attack for 1 turn, leaving at least 1HP.",#TRUE#,#FALSE#,#FALSE#,#FALSE#,#TRUE#,#TRUE#,#FALSE#,#TRUE#,,TM20,,#FALSE#,#FALSE#,#FALSE#,#FALSE#,#FALSE#
61,Extremespeed,1,80,100,5,0,43,1,An extremely fast and powerful attack.,#TRUE#,#TRUE#,#TRUE#,#FALSE#,#TRUE#,#TRUE#,#FALSE#,#FALSE#,,,,#FALSE#,#FALSE#,#FALSE#,#TRUE#,#FALSE#
62,Faint Attack,16,60,0,20,0,44,1,"Draws the foe close, then strikes without fail.",#TRUE#,#FALSE#,#TRUE#,#FALSE#,#TRUE#,#TRUE#,#FALSE#,#FALSE#,,,,#FALSE#,#FALSE#,#FALSE#,#FALSE#,#FALSE#
63,False Swipe,1,40,100,40,0,45,1,An attack that leaves the foe with at least 1 HP.,#TRUE#,#TRUE#,#TRUE#,#FALSE#,#TRUE#,#TRUE#,#FALSE#,#FALSE#,,,,#FALSE#,#FALSE#,#FALSE#,#TRUE#,#FALSE#
68,Flail,1,0,100,15,0,48,1,Inflicts more damage when the user's HP is down.,#TRUE#,#TRUE#,#TRUE#,#FALSE#,#TRUE#,#TRUE#,#FALSE#,#FALSE#,,,,#FALSE#,#FALSE#,#FALSE#,#TRUE#,#FALSE#
69,Flame Wheel,2,60,100,25,10,39,1,A fiery charge attack that may inflict a burn.,#TRUE#,#TRUE#,#FALSE#,#FALSE#,#TRUE#,#TRUE#,#FALSE#,#FALSE#,,,,#TRUE#,#FALSE#,#FALSE#,#TRUE#,#FALSE#
74,Foresight,1,0,100,40,0,53,1,Negates the foe's efforts to heighten evasiveness.,#TRUE#,#TRUE#,#FALSE#,#FALSE#,#TRUE#,#TRUE#,#FALSE#,#FALSE#,,,,#FALSE#,#FALSE#,#FALSE#,#FALSE#,#FALSE#
75,Frustration,1,102,100,20,0,54,1,An attack that is stronger if the Trainer is disliked.,#TRUE#,#TRUE#,#TRUE#,#FALSE#,#TRUE#,#TRUE#,#FALSE#,#FALSE#,,TM21,TM21,#FALSE#,#FALSE#,#FALSE#,#TRUE#,#FALSE#
77,Fury Cutter,12,10,95,20,0,55,1,An attack that intensifies on each successive hit.,#TRUE#,#TRUE#,#TRUE#,#FALSE#,#TRUE#,#TRUE#,#FALSE#,#FALSE#,,TM49,,#FALSE#,#FALSE#,#FALSE#,#TRUE#,#FALSE#
79,Future Sight,11,80,90,15,0,56,1,Heightens inner power to strike 2 turns later.,#TRUE#,#TRUE#,#FALSE#,#FALSE#,#TRUE#,#TRUE#,#FALSE#,#FALSE#,,,,#FALSE#,#FALSE#,#FALSE#,#FALSE#,#FALSE#
80,Giga Drain,5,60,100,5,0,1,1,An attack that steals half the damage inflicted.,#TRUE#,#TRUE#,#FALSE#,#FALSE#,#TRUE#,#TRUE#,#FALSE#,#FALSE#,,TM19,TM19,#TRUE#,#FALSE#,#FALSE#,#FALSE#,#FALSE#
89,Heal Bell,1,0,0,5,0,60,4,Chimes soothingly to heal all status abnormalities.,#TRUE#,#FALSE#,#FALSE#,#FALSE#,#TRUE#,#TRUE#,#FALSE#,#TRUE#,,,,#FALSE#,#FALSE#,#TRUE#,#FALSE#,#FALSE#
91,Hidden Power,1,0,100,15,0,62,1,The effectiveness varies with the user.,#TRUE#,#TRUE#,#TRUE#,#FALSE#,#TRUE#,#TRUE#,#FALSE#,#FALSE#,,TM10,TM10,#FALSE#,#FALSE#,#FALSE#,#FALSE#,#FALSE#
100,Icy Wind,6,55,95,15,100,20,2,A chilling attack that lowers the foe's Speed.,#TRUE#,#TRUE#,#FALSE#,#FALSE#,#TRUE#,#TRUE#,#FALSE#,#FALSE#,,TM16,,#TRUE#,#FALSE#,#FALSE#,#FALSE#,#FALSE#
101,Iron Tail,17,100,75,15,30,2,1,Attacks with a rock-hard tail.  May lower Defense.,#TRUE#,#TRUE#,#FALSE#,#FALSE#,#TRUE#,#TRUE#,#FALSE#,#FALSE#,,TM23,TM23,#TRUE#,#FALSE#,#FALSE#,#TRUE#,#FALSE#
110,Lock-On,1,0,100,5,0,65,1,Locks on to the foe to ensure the next move hits.,#TRUE#,#TRUE#,#FALSE#,#FALSE#,#TRUE#,#TRUE#,#FALSE#,#FALSE#,,,,#FALSE#,#FALSE#,#FALSE#,#FALSE#,#FALSE#
113,Mach Punch,7,40,100,30,0,43,1,A punch is thrown at wicked speed to strike first.,#TRUE#,#TRUE#,#TRUE#,#FALSE#,#TRUE#,#TRUE#,#FALSE#,#FALSE#,,,,#FALSE#,#FALSE#,#FALSE#,#TRUE#,#FALSE#
114,Magnitude,9,0,100,30,0,66,5,A ground-shaking attack of random intensity.,#TRUE#,#TRUE#,#TRUE#,#FALSE#,#TRUE#,#TRUE#,#FALSE#,#FALSE#,,,,#FALSE#,#FALSE#,#FALSE#,#FALSE#,#FALSE#
115,Mean Look,1,0,100,5,0,67,1,Fixes the foe with a mean look that prevents escape.,#TRUE#,#FALSE#,#FALSE#,#FALSE#,#TRUE#,#TRUE#,#FALSE#,#FALSE#,,,,#FALSE#,#FALSE#,#FALSE#,#FALSE#,#TRUE#
120,Megahorn,12,120,85,10,0,0,1,A brutal ramming attack using out-thrust horns.,#TRUE#,#TRUE#,#TRUE#,#FALSE#,#TRUE#,#TRUE#,#FALSE#,#FALSE#,,,,#FALSE#,#FALSE#,#FALSE#,#TRUE#,#FALSE#
121,Metal Claw,17,50,95,35,10,68,1,A claw attack that may raise the user's Attack.,#TRUE#,#TRUE#,#FALSE#,#FALSE#,#TRUE#,#TRUE#,#FALSE#,#FALSE#,,,,#FALSE#,#FALSE#,#FALSE#,#TRUE#,#FALSE#
123,Milk Drink,1,0,0,10,0,90,3,Recovers up to half the user's maximum HP.,#TRUE#,#FALSE#,#FALSE#,#FALSE#,#TRUE#,#TRUE#,#FALSE#,#TRUE#,,,,#FALSE#,#FALSE#,#FALSE#,#FALSE#,#FALSE#
125,Mind Reader,1,0,100,5,0,65,1,Senses the foe's action to ensure the next move's hit.,#TRUE#,#TRUE#,#FALSE#,#FALSE#,#TRUE#,#TRUE#,#FALSE#,#FALSE#,,,,#FALSE#,#FALSE#,#FALSE#,#FALSE#,#FALSE#
127,Mirror Coat,11,0,100,20,0,72,7,Counters the foe's special attack at double the power.,#TRUE#,#FALSE#,#FALSE#,#FALSE#,#TRUE#,#TRUE#,#FALSE#,#FALSE#,,,,#FALSE#,#FALSE#,#FALSE#,#FALSE#,#FALSE#
130,Moonlight,1,0,0,5,0,75,3,Restores HP.  The amount varies with the weather.,#TRUE#,#FALSE#,#FALSE#,#FALSE#,#TRUE#,#TRUE#,#FALSE#,#TRUE#,,,,#FALSE#,#FALSE#,#FALSE#,#FALSE#,#FALSE#
131,Morning Sun,1,0,0,5,0,75,3,Restores HP.  The amount varies with the weather.,#TRUE#,#FALSE#,#FALSE#,#FALSE#,#TRUE#,#TRUE#,#FALSE#,#TRUE#,,,,#FALSE#,#FALSE#,#FALSE#,#FALSE#,#FALSE#
132,Mud-Slap,9,20,100,10,100,50,1,Hurls mud in the foe's face to reduce its accuracy.,#TRUE#,#TRUE#,#FALSE#,#FALSE#,#TRUE#,#TRUE#,#FALSE#,#FALSE#,,TM31,,#TRUE#,#FALSE#,#FALSE#,#FALSE#,#FALSE#
134,Nightmare,14,0,100,15,0,77,1,Inflicts 1/4 damage on a sleeping foe every turn.,#TRUE#,#FALSE#,#FALSE#,#FALSE#,#TRUE#,#TRUE#,#FALSE#,#FALSE#,,TM50,,#TRUE#,#FALSE#,#FALSE#,#FALSE#,#FALSE#
135,Octazooka,3,65,85,10,50,50,1,Fires a lump of ink to damage and cut accuracy.,#TRUE#,#TRUE#,#FALSE#,#FALSE#,#TRUE#,#TRUE#,#FALSE#,#FALSE#,,,,#TRUE#,#FALSE#,#FALSE#,#FALSE#,#FALSE#
136,Outrage,15,90,100,15,0,79,6,A rampage of 2 to 3 turns that confuses the user.,#TRUE#,#TRUE#,#TRUE#,#FALSE#,#TRUE#,#TRUE#,#FALSE#,#FALSE#,,,,#FALSE#,#FALSE#,#FALSE#,#TRUE#,#FALSE#
137,Pain Split,1,0,100,20,0,78,1,"Adds the user and foe's HP, then shares them equally.",#TRUE#,#TRUE#,#FALSE#,#FALSE#,#TRUE#,#TRUE#,#FALSE#,#FALSE#,,,,#TRUE#,#FALSE#,#FALSE#,#FALSE#,#FALSE#
140,Perish Song,1,0,0,5,0,83,0,Any Pokémon hearing this song faints in 3 turns.,#TRUE#,#FALSE#,#FALSE#,#FALSE#,#TRUE#,#TRUE#,#FALSE#,#TRUE#,,,,#FALSE#,#FALSE#,#TRUE#,#FALSE#,#FALSE#
147,Powder Snow,6,40,100,25,10,17,2,Blasts the foe with a snowy gust.  May cause freezing.,#TRUE#,#TRUE#,#FALSE#,#FALSE#,#TRUE#,#TRUE#,#FALSE#,#FALSE#,,,,#TRUE#,#FALSE#,#FALSE#,#FALSE#,#FALSE#
148,Present,1,0,90,15,0,82,1,A bomb in the form of a gift.  May restore HP.,#TRUE#,#TRUE#,#FALSE#,#FALSE#,#TRUE#,#TRUE#,#FALSE#,#FALSE#,,,,#FALSE#,#FALSE#,#FALSE#,#FALSE#,#FALSE#
149,Protect,1,0,0,10,0,31,3,"Evades attack, but may fail if used in succession.",#TRUE#,#FALSE#,#FALSE#,#FALSE#,#TRUE#,#TRUE#,#FALSE#,#TRUE#,,TM17,TM17,#FALSE#,#FALSE#,#FALSE#,#FALSE#,#FALSE#
151,Psych Up,1,0,0,10,0,84,1,Copies the foe's effect(s) and gives to the user.,#TRUE#,#FALSE#,#FALSE#,#FALSE#,#TRUE#,#TRUE#,#FALSE#,#TRUE#,,TM09,,#FALSE#,#FALSE#,#FALSE#,#FALSE#,#FALSE#
154,Pursuit,16,40,100,20,0,86,1,Inflicts bad damage if used on a foe switching out.,#TRUE#,#TRUE#,#FALSE#,#FALSE#,#TRUE#,#TRUE#,#FALSE#,#FALSE#,,,,#FALSE#,#FALSE#,#FALSE#,#TRUE#,#FALSE#
157,Rain Dance,3,0,0,5,0,88,0,Boosts the power of Water type moves for 5 turns.,#TRUE#,#TRUE#,#FALSE#,#FALSE#,#TRUE#,#TRUE#,#FALSE#,#TRUE#,,TM18,TM18,#FALSE#,#FALSE#,#FALSE#,#FALSE#,#FALSE#
158,Rapid Spin,1,20,100,40,0,89,1,Spins the body at high speed to strike the foe.,#TRUE#,#TRUE#,#TRUE#,#FALSE#,#TRUE#,#TRUE#,#FALSE#,#FALSE#,,,,#FALSE#,#FALSE#,#FALSE#,#TRUE#,#FALSE#
164,Return,1,102,100,20,0,54,1,An attack that increases in power with friendship.,#TRUE#,#TRUE#,#TRUE#,#FALSE#,#TRUE#,#TRUE#,#FALSE#,#FALSE#,,TM27,TM27,#FALSE#,#FALSE#,#FALSE#,#TRUE#,#FALSE#
165,Reversal,7,0,100,15,0,48,1,Inflicts more damage when the user's HP is down.,#TRUE#,#TRUE#,#TRUE#,#FALSE#,#TRUE#,#TRUE#,#FALSE#,#FALSE#,,,,#FALSE#,#FALSE#,#FALSE#,#TRUE#,#FALSE#
168,Rock Smash,7,20,100,15,50,2,1,A rock-crushing attack that may lower Defense.,#TRUE#,#TRUE#,#FALSE#,#FALSE#,#TRUE#,#TRUE#,#FALSE#,#FALSE#,,TM08,HM06,#TRUE#,#FALSE#,#FALSE#,#TRUE#,#FALSE#
171,Rollout,13,30,90,20,0,121,1,An attack lasting 5 turns with rising intensity.,#TRUE#,#TRUE#,#TRUE#,#FALSE#,#TRUE#,#TRUE#,#FALSE#,#FALSE#,,TM04,,#FALSE#,#FALSE#,#FALSE#,#TRUE#,#FALSE#
172,Sacred Fire,2,100,95,5,50,39,1,A mystical fire attack that may inflict a burn.,#TRUE#,#TRUE#,#FALSE#,#FALSE#,#TRUE#,#TRUE#,#FALSE#,#FALSE#,,,,#TRUE#,#FALSE#,#FALSE#,#FALSE#,#FALSE#
173,Safeguard,1,0,0,25,0,94,4,A mystical force prevents all status problems.,#TRUE#,#FALSE#,#FALSE#,#FALSE#,#TRUE#,#TRUE#,#FALSE#,#TRUE#,,,TM20,#FALSE#,#FALSE#,#FALSE#,#FALSE#,#FALSE#
174,Sandstorm,13,0,0,10,0,95,0,Causes a sandstorm that rages for several turns.,#TRUE#,#TRUE#,#FALSE#,#FALSE#,#TRUE#,#TRUE#,#FALSE#,#TRUE#,,TM37,TM37,#FALSE#,#FALSE#,#FALSE#,#FALSE#,#FALSE#
176,Scary Face,1,0,90,10,0,25,1,Frightens with a scary face to sharply reduce Speed.,#TRUE#,#TRUE#,#FALSE#,#FALSE#,#TRUE#,#TRUE#,#FALSE#,#FALSE#,,,,#TRUE#,#FALSE#,#FALSE#,#FALSE#,#TRUE#
181,Shadow Ball,14,80,100,15,20,27,1,Hurls a black blob that may lower the foe's Special Defense.,#TRUE#,#TRUE#,#FALSE#,#FALSE#,#TRUE#,#TRUE#,#FALSE#,#FALSE#,,TM30,TM30,#TRUE#,#FALSE#,#FALSE#,#FALSE#,#FALSE#
184,Sketch,1,0,0,1,0,97,1,Copies the foe's last move permanently.,#TRUE#,#FALSE#,#FALSE#,#FALSE#,#TRUE#,#TRUE#,#FALSE#,#TRUE#,,,,#FALSE#,#FALSE#,#FALSE#,#FALSE#,#FALSE#
190,Sleep Talk,1,0,0,10,0,100,8,Uses an own move randomly while asleep.,#TRUE#,#FALSE#,#FALSE#,#FALSE#,#TRUE#,#TRUE#,#FALSE#,#FALSE#,,TM35,,#FALSE#,#FALSE#,#FALSE#,#FALSE#,#FALSE#
192,Sludge Bomb,8,90,100,10,30,81,1,Sludge is hurled to inflict damage.  May also poison.,#TRUE#,#TRUE#,#FALSE#,#FALSE#,#TRUE#,#TRUE#,#FALSE#,#FALSE#,,TM36,TM36,#TRUE#,#FALSE#,#FALSE#,#FALSE#,#FALSE#
195,Snore,1,40,100,15,30,101,1,A loud attack that can be used only while asleep.,#TRUE#,#TRUE#,#TRUE#,#FALSE#,#TRUE#,#TRUE#,#FALSE#,#FALSE#,,TM13,,#TRUE#,#FALSE#,#TRUE#,#FALSE#,#FALSE#
199,Spark,4,65,100,20,30,18,1,An electrified tackle that may paralyze the foe.,#TRUE#,#TRUE#,#FALSE#,#FALSE#,#TRUE#,#TRUE#,#FALSE#,#FALSE#,,,,#TRUE#,#FALSE#,#FALSE#,#TRUE#,#FALSE#
200,Spider Web,12,0,100,10,0,67,1,Ensnares the foe to stop it from fleeing or switching.,#TRUE#,#FALSE#,#FALSE#,#FALSE#,#TRUE#,#TRUE#,#FALSE#,#FALSE#,,,,#FALSE#,#FALSE#,#FALSE#,#FALSE#,#TRUE#
202,Spikes,9,0,0,20,0,104,0,Sets spikes that hurt a  foe switching out.,#TRUE#,#FALSE#,#FALSE#,#FALSE#,#TRUE#,#TRUE#,#FALSE#,#TRUE#,,,,#FALSE#,#FALSE#,#FALSE#,#FALSE#,#FALSE#
203,Spite,14,0,100,10,0,105,1,Spitefully cuts the PP of the foe's last move.,#TRUE#,#TRUE#,#FALSE#,#FALSE#,#TRUE#,#TRUE#,#FALSE#,#FALSE#,,,,#FALSE#,#FALSE#,#FALSE#,#FALSE#,#FALSE#
206,Steel Wing,17,70,90,25,10,29,1,Strikes the foe with hard wings spread wide.,#TRUE#,#TRUE#,#TRUE#,#FALSE#,#TRUE#,#TRUE#,#FALSE#,#FALSE#,,TM47,TM47,#FALSE#,#FALSE#,#FALSE#,#TRUE#,#FALSE#
214,Sunny Day,2,0,0,5,0,108,0,Boosts the power of Fire type moves for 5 turns.,#TRUE#,#TRUE#,#FALSE#,#FALSE#,#TRUE#,#TRUE#,#FALSE#,#TRUE#,,TM11,TM11,#FALSE#,#FALSE#,#FALSE#,#FALSE#,#FALSE#
218,Swagger,1,0,90,15,0,110,1,"Confuses the foe, but also sharply raises Attack.",#TRUE#,#TRUE#,#FALSE#,#FALSE#,#TRUE#,#TRUE#,#FALSE#,#FALSE#,,TM34,,#FALSE#,#FALSE#,#FALSE#,#FALSE#,#TRUE#
219,Sweet Kiss,1,0,75,10,0,22,1,Demands a kiss with a cute look.  May cause confusion.,#TRUE#,#TRUE#,#FALSE#,#FALSE#,#TRUE#,#TRUE#,#FALSE#,#FALSE#,,,,#TRUE#,#FALSE#,#FALSE#,#FALSE#,#TRUE#
220,Sweet Scent,1,0,100,20,0,111,2,Allures the foe to reduce evasiveness.,#TRUE#,#TRUE#,#FALSE#,#FALSE#,#TRUE#,#TRUE#,#FALSE#,#FALSE#,,TM12,,#FALSE#,#FALSE#,#FALSE#,#FALSE#,#TRUE#
223,Synthesis,5,0,0,5,0,75,3,Restores HP.  The amount varies with the weather.,#TRUE#,#FALSE#,#FALSE#,#FALSE#,#TRUE#,#TRUE#,#FALSE#,#TRUE#,,,,#FALSE#,#FALSE#,#FALSE#,#FALSE#,#FALSE#
228,Thief,16,40,100,10,0,114,1,"While attacking, it may steal the foe's held item.",#TRUE#,#TRUE#,#FALSE#,#FALSE#,#TRUE#,#TRUE#,#FALSE#,#FALSE#,,TM46,TM46,#TRUE#,#FALSE#,#FALSE#,#TRUE#,#FALSE#
238,Triple Kick,7,10,90,10,0,118,1,Kicks the foe 3 times in a row with rising intensity.,#TRUE#,#TRUE#,#TRUE#,#FALSE#,#TRUE#,#TRUE#,#FALSE#,#FALSE#,,,,#FALSE#,#FALSE#,#FALSE#,#TRUE#,#FALSE#
240,Twister,15,40,100,20,20,16,2,Whips up a vicious twister to tear at the foe.,#TRUE#,#TRUE#,#TRUE#,#FALSE#,#TRUE#,#TRUE#,#FALSE#,#FALSE#,,,,#TRUE#,#FALSE#,#FALSE#,#FALSE#,#FALSE#
243,Vital Throw,7,70,100,10,0,120,1,"Makes the user's move last, but it never misses.",#TRUE#,#FALSE#,#TRUE#,#FALSE#,#TRUE#,#TRUE#,#FALSE#,#FALSE#,,,,#FALSE#,#FALSE#,#FALSE#,#TRUE#,#FALSE#
246,Whirlpool,3,15,70,15,0,15,1,Traps and hurts the foe in a whirlpool for 2 to 5 turns.,#TRUE#,#TRUE#,#TRUE#,#FALSE#,#TRUE#,#TRUE#,#FALSE#,#FALSE#,,HM06,,#TRUE#,#FALSE#,#FALSE#,#FALSE#,#FALSE#
251,Zap Cannon,4,100,50,5,100,18,1,"Powerful and sure to cause paralysis, but inaccurate.",#TRUE#,#TRUE#,#FALSE#,#FALSE#,#TRUE#,#TRUE#,#FALSE#,#FALSE#,,TM07,,#TRUE#,#FALSE#,#FALSE#,#FALSE#,#FALSE#
252,Aerial Ace,10,60,0,20,0,44,1,An extremely speedy and unavoidable attack.,#TRUE#,#TRUE#,#TRUE#,#FALSE#,#FALSE#,#TRUE#,#FALSE#,#FALSE#,,,TM40,#FALSE#,#FALSE#,#FALSE#,#TRUE#,#FALSE#
253,Air Cutter,10,55,95,25,0,4,2,Hacks with razorlike wind.  High critical-hit ratio.,#TRUE#,#TRUE#,#TRUE#,#FALSE#,#FALSE#,#TRUE#,#FALSE#,#FALSE#,,,,#FALSE#,#FALSE#,#FALSE#,#FALSE#,#FALSE#
254,Arm Thrust,7,15,100,20,0,10,1,Straight-arm punches that strike the foe 2 to 5 times.,#TRUE#,#TRUE#,#TRUE#,#FALSE#,#FALSE#,#TRUE#,#FALSE#,#FALSE#,,,,#FALSE#,#FALSE#,#FALSE#,#TRUE#,#FALSE#
255,Aromatherapy,5,0,0,5,0,60,4,Heals all status problems with a soothing scent.,#TRUE#,#FALSE#,#FALSE#,#FALSE#,#FALSE#,#TRUE#,#FALSE#,#FALSE#,,,,#FALSE#,#FALSE#,#FALSE#,#FALSE#,#FALSE#
256,Assist,1,0,100,20,0,122,8,Attacks randomly with one of the partner's moves.,#TRUE#,#FALSE#,#FALSE#,#FALSE#,#FALSE#,#TRUE#,#FALSE#,#FALSE#,,,,#FALSE#,#FALSE#,#FALSE#,#FALSE#,#FALSE#
257,Astonish,14,30,100,15,30,16,1,An attack that may shock the foe into flinching.,#TRUE#,#TRUE#,#FALSE#,#FALSE#,#FALSE#,#TRUE#,#FALSE#,#FALSE#,,,,#FALSE#,#FALSE#,#FALSE#,#TRUE#,#FALSE#
258,Blast Burn,2,150,90,5,0,63,1,"Powerful, but leaves the user immobile the next turn.",#TRUE#,#TRUE#,#TRUE#,#FALSE#,#FALSE#,#TRUE#,#FALSE#,#FALSE#,,,,#FALSE#,#FALSE#,#FALSE#,#FALSE#,#FALSE#
259,Blaze Kick,2,85,90,10,10,124,1,A kick with a high critical-hit ratio.  May cause a burn.,#TRUE#,#TRUE#,#FALSE#,#FALSE#,#FALSE#,#TRUE#,#FALSE#,#FALSE#,,,,#FALSE#,#FALSE#,#FALSE#,#TRUE#,#FALSE#
260,Block,1,0,100,5,0,67,1,Blocks the foe's way to prevent escape.,#TRUE#,#TRUE#,#FALSE#,#FALSE#,#FALSE#,#TRUE#,#FALSE#,#FALSE#,,,,#FALSE#,#FALSE#,#FALSE#,#FALSE#,#TRUE#
261,Bounce,10,85,85,5,30,125,1,"Bounces up, then down the next turn.  May paralyze.",#TRUE#,#TRUE#,#TRUE#,#FALSE#,#FALSE#,#TRUE#,#FALSE#,#FALSE#,,,,#FALSE#,#FALSE#,#FALSE#,#TRUE#,#FALSE#
262,Brick Break,7,75,100,15,0,126,1,Destroys barriers such as Reflect and causes damage.,#TRUE#,#TRUE#,#TRUE#,#FALSE#,#FALSE#,#TRUE#,#FALSE#,#FALSE#,,,TM31,#FALSE#,#FALSE#,#FALSE#,#TRUE#,#FALSE#
263,Bulk Up,7,0,0,20,0,127,3,Bulks up the body to boost both Attack and Defense.,#TRUE#,#FALSE#,#FALSE#,#FALSE#,#FALSE#,#TRUE#,#FALSE#,#FALSE#,,,TM08,#FALSE#,#FALSE#,#FALSE#,#FALSE#,#FALSE#
264,Bullet Seed,5,10,100,30,0,10,1,Shoots 2 to 5 seeds in a row to strike the foe.,#TRUE#,#TRUE#,#TRUE#,#FALSE#,#FALSE#,#TRUE#,#FALSE#,#FALSE#,,,TM09,#FALSE#,#FALSE#,#FALSE#,#FALSE#,#FALSE#
265,Calm Mind,11,0,0,20,0,128,3,Raises Special Attack and Special Defense by focusing the mind.,#TRUE#,#FALSE#,#FALSE#,#FALSE#,#FALSE#,#TRUE#,#FALSE#,#FALSE#,,,TM04,#FALSE#,#FALSE#,#FALSE#,#FALSE#,#FALSE#
266,Camouflage,1,0,100,20,0,129,3,Alters the Pokémon's type depending on the location.,#TRUE#,#FALSE#,#FALSE#,#FALSE#,#FALSE#,#TRUE#,#FALSE#,#FALSE#,,,,#FALSE#,#FALSE#,#FALSE#,#FALSE#,#FALSE#
267,Charge,4,0,100,20,0,130,3,Charges power to boost the electric move used next.,#TRUE#,#FALSE#,#FALSE#,#FALSE#,#FALSE#,#TRUE#,#FALSE#,#FALSE#,,,,#FALSE#,#FALSE#,#FALSE#,#FALSE#,#FALSE#
268,Cosmic Power,11,0,0,20,0,131,3,Raises Defense and Special Defense with a mystic power.,#TRUE#,#FALSE#,#FALSE#,#FALSE#,#FALSE#,#TRUE#,#FALSE#,#FALSE#,,,,#FALSE#,#FALSE#,#FALSE#,#FALSE#,#FALSE#
269,Covet,1,40,100,40,0,114,1,Cutely begs to obtain an item held by the foe.,#TRUE#,#TRUE#,#FALSE#,#FALSE#,#FALSE#,#TRUE#,#FALSE#,#FALSE#,,,,#FALSE#,#FALSE#,#FALSE#,#FALSE#,#FALSE#
270,Crush Claw,1,75,95,10,50,2,1,Tears at the foe with sharp claws.  May lower Defense.,#TRUE#,#TRUE#,#FALSE#,#FALSE#,#FALSE#,#TRUE#,#FALSE#,#FALSE#,,,,#FALSE#,#FALSE#,#FALSE#,#TRUE#,#FALSE#
271,Dive,3,60,100,10,0,132,1,Dives underwater the first turn and strikes next turn.,#TRUE#,#TRUE#,#TRUE#,#FALSE#,#FALSE#,#TRUE#,#FALSE#,#FALSE#,,,HM08,#FALSE#,#FALSE#,#FALSE#,#TRUE#,#FALSE#
272,Doom Desire,17,120,85,5,0,56,1,Summons strong sunlight to attack 2 turns later.,#TRUE#,#TRUE#,#FALSE#,#FALSE#,#FALSE#,#TRUE#,#FALSE#,#FALSE#,,,,#FALSE#,#FALSE#,#FALSE#,#FALSE#,#FALSE#
273,Dragon Claw,15,80,100,15,0,0,1,Slashes the foe with sharp claws.,#TRUE#,#TRUE#,#TRUE#,#FALSE#,#FALSE#,#TRUE#,#FALSE#,#FALSE#,,,TM02,#FALSE#,#FALSE#,#FALSE#,#TRUE#,#FALSE#
274,Dragon Dance,15,0,0,20,0,133,3,A mystical dance that ups Attack and Speed.,#TRUE#,#FALSE#,#FALSE#,#FALSE#,#FALSE#,#TRUE#,#FALSE#,#FALSE#,,,,#FALSE#,#FALSE#,#FALSE#,#FALSE#,#FALSE#
275,Endeavor,1,0,100,5,0,134,1,Gains power if the user's HP is lower than the foe's HP.,#TRUE#,#TRUE#,#TRUE#,#FALSE#,#FALSE#,#TRUE#,#FALSE#,#FALSE#,,,,#FALSE#,#FALSE#,#FALSE#,#TRUE#,#FALSE#
276,Eruption,2,150,100,5,0,135,2,"The higher the user's HP, the more damage caused.",#TRUE#,#TRUE#,#TRUE#,#FALSE#,#FALSE#,#TRUE#,#FALSE#,#FALSE#,,,,#FALSE#,#FALSE#,#FALSE#,#FALSE#,#FALSE#
277,Extrasensory,11,80,100,30,10,16,1,Attacks with a peculiar power.  May cause flinching.,#TRUE#,#TRUE#,#FALSE#,#FALSE#,#FALSE#,#TRUE#,#FALSE#,#FALSE#,,,,#FALSE#,#FALSE#,#FALSE#,#FALSE#,#FALSE#
278,Facade,1,70,100,20,0,136,1,"Boosts Attack when burned, paralyzed, or poisoned.",#TRUE#,#TRUE#,#FALSE#,#FALSE#,#FALSE#,#TRUE#,#FALSE#,#FALSE#,,,TM42,#FALSE#,#FALSE#,#FALSE#,#TRUE#,#FALSE#
279,Fake Out,1,40,100,10,100,137,1,"A 1st-turn, 1st-strike move that causes flinching.",#TRUE#,#TRUE#,#FALSE#,#FALSE#,#FALSE#,#TRUE#,#FALSE#,#FALSE#,,,,#FALSE#,#FALSE#,#FALSE#,#FALSE#,#FALSE#
280,Fake Tears,16,0,100,20,0,138,1,Feigns crying to sharply lower the foe's Special Defense.,#TRUE#,#TRUE#,#FALSE#,#FALSE#,#FALSE#,#TRUE#,#FALSE#,#FALSE#,,,,#FALSE#,#FALSE#,#FALSE#,#FALSE#,#TRUE#
281,Featherdance,10,0,100,15,0,21,1,Envelops the foe with down to sharply reduce Attack.,#TRUE#,#TRUE#,#FALSE#,#FALSE#,#FALSE#,#TRUE#,#FALSE#,#FALSE#,,,,#FALSE#,#FALSE#,#FALSE#,#FALSE#,#TRUE#
282,Flatter,16,0,100,15,0,139,1,"Confuses the foe, but raises its Special Attack.",#TRUE#,#TRUE#,#FALSE#,#FALSE#,#FALSE#,#TRUE#,#FALSE#,#FALSE#,,,,#FALSE#,#FALSE#,#FALSE#,#FALSE#,#TRUE#
283,Focus Punch,7,150,100,20,0,140,1,A powerful loyalty attack.  The user flinches if hit.,#TRUE#,#TRUE#,#FALSE#,#FALSE#,#FALSE#,#TRUE#,#FALSE#,#FALSE#,,,TM01,#FALSE#,#FALSE#,#FALSE#,#TRUE#,#FALSE#
284,Follow Me,1,0,100,20,0,141,3,Draws attention to make foes attack only the user.,#TRUE#,#FALSE#,#FALSE#,#FALSE#,#FALSE#,#TRUE#,#FALSE#,#FALSE#,,,,#FALSE#,#FALSE#,#FALSE#,#FALSE#,#FALSE#
285,Frenzy Plant,5,150,90,5,0,63,1,"Powerful, but leaves the user immobile the next turn.",#TRUE#,#TRUE#,#TRUE#,#FALSE#,#FALSE#,#TRUE#,#FALSE#,#FALSE#,,,,#FALSE#,#FALSE#,#FALSE#,#FALSE#,#FALSE#
286,Grasswhistle,5,0,55,15,0,64,1,Lulls the foe into sleep with a pleasant melody.,#TRUE#,#TRUE#,#FALSE#,#FALSE#,#FALSE#,#TRUE#,#FALSE#,#FALSE#,,,,#FALSE#,#FALSE#,#TRUE#,#FALSE#,#TRUE#
287,Grudge,14,0,100,5,0,142,7,"If the user faints, deletes the PP of the final move.",#TRUE#,#FALSE#,#FALSE#,#FALSE#,#FALSE#,#TRUE#,#FALSE#,#FALSE#,,,,#FALSE#,#FALSE#,#FALSE#,#FALSE#,#FALSE#
288,Hail,6,0,0,10,0,143,0,Summons a hailstorm that strikes every turn.,#TRUE#,#FALSE#,#FALSE#,#FALSE#,#FALSE#,#TRUE#,#FALSE#,#FALSE#,,,TM07,#FALSE#,#FALSE#,#FALSE#,#FALSE#,#FALSE#
289,Heat Wave,2,100,90,10,10,39,2,Exhales a hot breath on the foe.  May inflict a burn.,#TRUE#,#TRUE#,#FALSE#,#FALSE#,#FALSE#,#TRUE#,#FALSE#,#FALSE#,,,,#FALSE#,#FALSE#,#FALSE#,#FALSE#,#FALSE#
290,Helping Hand,1,0,100,20,0,144,3,Boosts the power of the recipient's moves.,#TRUE#,#FALSE#,#FALSE#,#FALSE#,#FALSE#,#TRUE#,#FALSE#,#FALSE#,,,,#FALSE#,#FALSE#,#FALSE#,#FALSE#,#FALSE#
291,Howl,1,0,0,40,0,68,3,Howls to raise the spirit and boosts Attack.,#TRUE#,#FALSE#,#FALSE#,#FALSE#,#FALSE#,#TRUE#,#FALSE#,#FALSE#,,,,#FALSE#,#FALSE#,#FALSE#,#FALSE#,#FALSE#
292,Hydro Cannon,3,150,90,5,0,63,1,"Powerful, but leaves the user immobile the next turn.",#TRUE#,#TRUE#,#TRUE#,#FALSE#,#FALSE#,#TRUE#,#FALSE#,#FALSE#,,,,#FALSE#,#FALSE#,#FALSE#,#FALSE#,#FALSE#
293,Hyper Voice,1,90,100,10,0,0,2,A loud attack that uses sound waves to injure.,#TRUE#,#TRUE#,#FALSE#,#FALSE#,#FALSE#,#TRUE#,#FALSE#,#FALSE#,,,,#FALSE#,#FALSE#,#TRUE#,#FALSE#,#FALSE#
294,Ice Ball,6,30,90,20,0,121,1,A 5-turn attack that gains power on successive hits.,#TRUE#,#TRUE#,#TRUE#,#FALSE#,#FALSE#,#TRUE#,#FALSE#,#FALSE#,,,,#FALSE#,#FALSE#,#FALSE#,#TRUE#,#FALSE#
295,Icicle Spear,6,10,100,30,0,10,1,Attacks the foe by firing 2 to 5 icicles in a row.,#TRUE#,#TRUE#,#TRUE#,#FALSE#,#FALSE#,#TRUE#,#FALSE#,#FALSE#,,,,#FALSE#,#FALSE#,#FALSE#,#FALSE#,#FALSE#
296,Imprison,11,0,100,10,0,145,3,Prevents foes from using moves known by the user.,#TRUE#,#FALSE#,#FALSE#,#FALSE#,#FALSE#,#TRUE#,#FALSE#,#FALSE#,,,,#FALSE#,#FALSE#,#FALSE#,#FALSE#,#FALSE#
297,Ingrain,5,0,100,20,0,146,3,Lays roots that restore HP.  The user can't switch out.,#TRUE#,#FALSE#,#FALSE#,#FALSE#,#FALSE#,#TRUE#,#FALSE#,#FALSE#,,,,#FALSE#,#FALSE#,#FALSE#,#FALSE#,#FALSE#
298,Iron Defense,17,0,0,15,0,3,3,Hardens the body's surface to sharply raise Defense.,#TRUE#,#FALSE#,#FALSE#,#FALSE#,#FALSE#,#TRUE#,#FALSE#,#FALSE#,,,,#FALSE#,#FALSE#,#FALSE#,#FALSE#,#FALSE#
299,Knock Off,16,20,100,20,0,147,1,Knocks down the foe's held item to prevent its use.,#TRUE#,#TRUE#,#FALSE#,#FALSE#,#FALSE#,#TRUE#,#FALSE#,#FALSE#,,,,#FALSE#,#FALSE#,#FALSE#,#TRUE#,#FALSE#
300,Leaf Blade,5,70,100,15,0,4,1,Slashes with a sharp leaf.  High critical-hit ratio.,#TRUE#,#TRUE#,#TRUE#,#FALSE#,#FALSE#,#TRUE#,#FALSE#,#FALSE#,,,,#FALSE#,#FALSE#,#FALSE#,#TRUE#,#FALSE#
301,Luster Purge,11,70,100,5,50,27,1,Attacks with a burst of light.  May lower Special Defense.,#TRUE#,#TRUE#,#FALSE#,#FALSE#,#FALSE#,#TRUE#,#FALSE#,#FALSE#,,,,#FALSE#,#FALSE#,#FALSE#,#FALSE#,#FALSE#
302,Magic Coat,11,0,100,15,0,148,7,Reflects special effects back to the attacker.,#TRUE#,#TRUE#,#FALSE#,#FALSE#,#FALSE#,#TRUE#,#FALSE#,#FALSE#,,,,#FALSE#,#FALSE#,#FALSE#,#FALSE#,#FALSE#
303,Magical Leaf,5,60,0,20,0,44,1,Attacks with a strange leaf that cannot be evaded.,#TRUE#,#TRUE#,#TRUE#,#FALSE#,#FALSE#,#TRUE#,#FALSE#,#FALSE#,,,,#FALSE#,#FALSE#,#FALSE#,#FALSE#,#FALSE#
304,Memento,16,0,100,10,0,149,1,The user faints and greatly lowers the foe's Attack and Special Attack.,#TRUE#,#TRUE#,#FALSE#,#FALSE#,#FALSE#,#TRUE#,#FALSE#,#FALSE#,,,,#FALSE#,#FALSE#,#FALSE#,#FALSE#,#FALSE#
305,Metal Sound,17,0,85,40,0,150,1,Emits a horrible screech that sharply lowers Special Defense.,#TRUE#,#TRUE#,#FALSE#,#FALSE#,#FALSE#,#TRUE#,#FALSE#,#FALSE#,,,,#FALSE#,#FALSE#,#TRUE#,#FALSE#,#TRUE#
306,Meteor Mash,17,100,85,10,20,68,1,Fires a meteor-like punch.  May raise Attack.,#TRUE#,#TRUE#,#TRUE#,#FALSE#,#FALSE#,#TRUE#,#FALSE#,#FALSE#,,,,#FALSE#,#FALSE#,#FALSE#,#TRUE#,#FALSE#
307,Mist Ball,11,70,100,5,50,151,1,Attacks with a flurry of down.  May lower Special Attack.,#TRUE#,#TRUE#,#FALSE#,#FALSE#,#FALSE#,#TRUE#,#FALSE#,#FALSE#,,,,#FALSE#,#FALSE#,#FALSE#,#FALSE#,#FALSE#
308,Mud Shot,9,55,95,15,0,20,1,Hurls mud at the foe and reduces Speed.,#TRUE#,#TRUE#,#TRUE#,#FALSE#,#FALSE#,#TRUE#,#FALSE#,#FALSE#,,,,#FALSE#,#FALSE#,#FALSE#,#FALSE#,#FALSE#
309,Mud Sport,9,0,100,15,0,152,4,Covers the user in mud to raise electrical resistance.,#TRUE#,#FALSE#,#FALSE#,#FALSE#,#FALSE#,#TRUE#,#FALSE#,#FALSE#,,,,#FALSE#,#FALSE#,#FALSE#,#FALSE#,#FALSE#
310,Muddy Water,3,95,85,10,30,50,2,Attacks with muddy water.  May lower accuracy.,#TRUE#,#TRUE#,#TRUE#,#FALSE#,#FALSE#,#TRUE#,#FALSE#,#FALSE#,,,,#FALSE#,#FALSE#,#FALSE#,#FALSE#,#FALSE#
311,Nature Power,1,0,95,20,0,154,8,The type of attack varies depending on the location.,#TRUE#,#TRUE#,#FALSE#,#FALSE#,#FALSE#,#TRUE#,#FALSE#,#FALSE#,,,,#FALSE#,#FALSE#,#FALSE#,#FALSE#,#FALSE#
312,Needle Arm,5,60,100,15,30,16,1,Attacks with thorny arms.  May cause flinching.,#TRUE#,#TRUE#,#FALSE#,#FALSE#,#FALSE#,#TRUE#,#FALSE#,#FALSE#,,,,#FALSE#,#FALSE#,#FALSE#,#TRUE#,#FALSE#
313,Odor Sleuth,1,0,100,40,0,53,1,Negates the foe's efforts to heighten evasiveness.,#TRUE#,#FALSE#,#FALSE#,#FALSE#,#FALSE#,#TRUE#,#FALSE#,#FALSE#,,,,#FALSE#,#FALSE#,#FALSE#,#FALSE#,#FALSE#
314,Overheat,2,140,90,5,0,155,1,"Allows a full-power attack, but sharply lowers Special Attack.",#TRUE#,#TRUE#,#TRUE#,#FALSE#,#FALSE#,#TRUE#,#FALSE#,#FALSE#,,,TM50,#FALSE#,#FALSE#,#FALSE#,#TRUE#,#FALSE#
315,Poison Fang,8,50,100,15,30,115,1,A sharp-fanged attack.  May badly poison the foe.,#TRUE#,#TRUE#,#FALSE#,#FALSE#,#FALSE#,#TRUE#,#FALSE#,#FALSE#,,,,#FALSE#,#FALSE#,#FALSE#,#TRUE#,#FALSE#
316,Poison Tail,8,50,100,25,10,156,1,Has a high critical-hit ratio.  May also poison.,#TRUE#,#TRUE#,#TRUE#,#FALSE#,#FALSE#,#TRUE#,#FALSE#,#FALSE#,,,,#FALSE#,#FALSE#,#FALSE#,#TRUE#,#FALSE#
317,Psycho Boost,11,140,90,5,0,155,1,"Allows a full-power attack, but sharply lowers Special Attack.",#TRUE#,#TRUE#,#TRUE#,#FALSE#,#FALSE#,#TRUE#,#FALSE#,#FALSE#,,,,#FALSE#,#FALSE#,#FALSE#,#FALSE#,#FALSE#
318,Recycle,1,0,100,10,0,157,3,Recycles a used item for one more use.,#TRUE#,#FALSE#,#FALSE#,#FALSE#,#FALSE#,#TRUE#,#FALSE#,#FALSE#,,,,#FALSE#,#FALSE#,#FALSE#,#FALSE#,#FALSE#
319,Refresh,1,0,100,20,0,158,3,"Heals poisoning, paralysis, or a burn.",#TRUE#,#FALSE#,#FALSE#,#FALSE#,#FALSE#,#TRUE#,#FALSE#,#FALSE#,,,,#FALSE#,#FALSE#,#FALSE#,#FALSE#,#FALSE#
320,Revenge,7,60,100,10,0,159,1,An attack that gains power if injured by the foe.,#TRUE#,#TRUE#,#TRUE#,#FALSE#,#FALSE#,#TRUE#,#FALSE#,#FALSE#,,,,#FALSE#,#FALSE#,#FALSE#,#TRUE#,#FALSE#
321,Rock Blast,13,25,80,10,0,10,1,Hurls boulders at the foe 2 to 5 times in a row.,#TRUE#,#TRUE#,#TRUE#,#FALSE#,#FALSE#,#TRUE#,#FALSE#,#FALSE#,,,,#FALSE#,#FALSE#,#FALSE#,#FALSE#,#FALSE#
322,Rock Tomb,13,50,80,10,100,20,1,Stops the foe from moving with rocks and cuts Speed.,#TRUE#,#TRUE#,#FALSE#,#FALSE#,#FALSE#,#TRUE#,#FALSE#,#FALSE#,,,TM39,#FALSE#,#FALSE#,#FALSE#,#FALSE#,#FALSE#
323,Role Play,11,0,100,10,0,160,1,Mimics the target and copies its special ability.,#TRUE#,#TRUE#,#FALSE#,#FALSE#,#FALSE#,#TRUE#,#FALSE#,#FALSE#,,,,#FALSE#,#FALSE#,#FALSE#,#FALSE#,#FALSE#
324,Sand Tomb,9,15,70,15,0,15,1,Traps and hurts the foe in quicksand for 2 to 5 turns.,#TRUE#,#TRUE#,#TRUE#,#FALSE#,#FALSE#,#TRUE#,#FALSE#,#FALSE#,,,,#FALSE#,#FALSE#,#FALSE#,#FALSE#,#FALSE#
325,Secret Power,1,70,100,20,30,161,1,An attack with effects that vary by location.,#TRUE#,#TRUE#,#FALSE#,#FALSE#,#FALSE#,#TRUE#,#FALSE#,#FALSE#,,,TM43,#FALSE#,#FALSE#,#FALSE#,#FALSE#,#FALSE#
326,Shadow Punch,14,60,0,20,0,44,1,An unavoidable punch that is thrown from shadows.,#TRUE#,#TRUE#,#TRUE#,#FALSE#,#FALSE#,#TRUE#,#FALSE#,#FALSE#,,,,#FALSE#,#FALSE#,#FALSE#,#TRUE#,#FALSE#
327,Sheer Cold,6,0,30,5,0,47,1,A chilling attack that causes fainting if it hits.,#TRUE#,#TRUE#,#FALSE#,#FALSE#,#FALSE#,#TRUE#,#FALSE#,#FALSE#,,,,#FALSE#,#FALSE#,#FALSE#,#FALSE#,#FALSE#
328,Shock Wave,4,60,0,20,0,44,1,A fast and unavoidable electric attack.,#TRUE#,#TRUE#,#TRUE#,#FALSE#,#FALSE#,#TRUE#,#FALSE#,#FALSE#,,,TM34,#FALSE#,#FALSE#,#FALSE#,#FALSE#,#FALSE#
329,Signal Beam,12,75,100,15,10,22,1,A strange beam attack that may confuse the foe.,#TRUE#,#TRUE#,#TRUE#,#FALSE#,#FALSE#,#TRUE#,#FALSE#,#FALSE#,,,,#FALSE#,#FALSE#,#FALSE#,#FALSE#,#FALSE#
330,Silver Wind,12,60,100,5,10,7,1,A powdery attack that may raise abilities.,#TRUE#,#TRUE#,#TRUE#,#FALSE#,#FALSE#,#TRUE#,#FALSE#,#FALSE#,,,,#FALSE#,#FALSE#,#FALSE#,#FALSE#,#FALSE#
331,Skill Swap,11,0,100,10,0,162,1,The user swaps special abilities with the target.,#TRUE#,#TRUE#,#FALSE#,#FALSE#,#FALSE#,#TRUE#,#FALSE#,#FALSE#,,,TM48,#FALSE#,#FALSE#,#FALSE#,#FALSE#,#FALSE#
332,Sky Uppercut,7,85,90,15,0,163,1,An uppercut thrown as if leaping into the sky.,#TRUE#,#TRUE#,#TRUE#,#FALSE#,#FALSE#,#TRUE#,#FALSE#,#FALSE#,,,,#FALSE#,#FALSE#,#FALSE#,#TRUE#,#FALSE#
333,Slack Off,1,0,100,10,0,90,3,Slacks off and restores half the maximum HP.,#TRUE#,#FALSE#,#FALSE#,#FALSE#,#FALSE#,#TRUE#,#FALSE#,#FALSE#,,,,#FALSE#,#FALSE#,#FALSE#,#FALSE#,#FALSE#
334,Smellingsalt,1,60,100,10,0,164,1,"Powerful against paralyzed foes, but also heals them.",#TRUE#,#TRUE#,#FALSE#,#FALSE#,#FALSE#,#TRUE#,#FALSE#,#FALSE#,,,,#FALSE#,#FALSE#,#FALSE#,#TRUE#,#FALSE#
335,Snatch,16,0,100,10,0,165,7,Steals the effects of the move the foe uses next.,#TRUE#,#FALSE#,#FALSE#,#FALSE#,#FALSE#,#TRUE#,#FALSE#,#FALSE#,,,TM49,#FALSE#,#FALSE#,#FALSE#,#FALSE#,#FALSE#
336,Spit Up,1,100,100,10,0,166,1,Releases stockpiled power (the more the better).,#TRUE#,#TRUE#,#TRUE#,#FALSE#,#FALSE#,#TRUE#,#FALSE#,#FALSE#,,,,#FALSE#,#FALSE#,#FALSE#,#FALSE#,#FALSE#
337,Stockpile,1,0,0,10,0,167,3,Charges up power for up to 3 turns.,#TRUE#,#FALSE#,#FALSE#,#FALSE#,#FALSE#,#TRUE#,#FALSE#,#FALSE#,,,,#FALSE#,#FALSE#,#FALSE#,#FALSE#,#FALSE#
338,Superpower,7,120,100,5,0,168,1,"Boosts strength sharply, but lowers abilities.",#TRUE#,#TRUE#,#FALSE#,#FALSE#,#FALSE#,#TRUE#,#FALSE#,#FALSE#,,,,#FALSE#,#FALSE#,#FALSE#,#TRUE#,#FALSE#
339,Swallow,1,0,0,10,0,169,3,Absorbs stockpiled power and restores HP.,#TRUE#,#FALSE#,#FALSE#,#FALSE#,#FALSE#,#TRUE#,#FALSE#,#FALSE#,,,,#FALSE#,#FALSE#,#FALSE#,#FALSE#,#FALSE#
340,Tail Glow,12,0,100,20,0,177,3,Flashes a light that sharply raises Special Attack.,#TRUE#,#FALSE#,#FALSE#,#FALSE#,#FALSE#,#TRUE#,#FALSE#,#FALSE#,,,,#FALSE#,#FALSE#,#FALSE#,#FALSE#,#FALSE#
341,Taunt,16,0,100,20,0,170,1,Taunts the foe into only using attack moves.,#TRUE#,#TRUE#,#FALSE#,#FALSE#,#FALSE#,#TRUE#,#FALSE#,#FALSE#,,,TM12,#FALSE#,#FALSE#,#FALSE#,#FALSE#,#FALSE#
342,Teeter Dance,1,0,100,20,0,22,5,Confuses all Pokémon on the scene.,#TRUE#,#TRUE#,#FALSE#,#FALSE#,#FALSE#,#TRUE#,#FALSE#,#FALSE#,,,,#FALSE#,#FALSE#,#FALSE#,#FALSE#,#FALSE#
343,Tickle,1,0,100,20,0,171,1,Makes the foe laugh to lower Attack and Defense.,#TRUE#,#TRUE#,#TRUE#,#FALSE#,#FALSE#,#TRUE#,#FALSE#,#FALSE#,,,,#FALSE#,#FALSE#,#FALSE#,#TRUE#,#TRUE#
344,Torment,16,0,100,15,0,172,1,Torments the foe and stops successive use of a move.,#TRUE#,#TRUE#,#FALSE#,#FALSE#,#FALSE#,#TRUE#,#FALSE#,#FALSE#,,,TM41,#FALSE#,#FALSE#,#FALSE#,#FALSE#,#FALSE#
345,Trick,11,0,100,10,0,173,1,Tricks the foe into trading held items.,#TRUE#,#TRUE#,#FALSE#,#FALSE#,#FALSE#,#TRUE#,#FALSE#,#FALSE#,,,,#FALSE#,#FALSE#,#FALSE#,#FALSE#,#FALSE#
346,Uproar,1,50,100,10,0,174,6,Causes an uproar for 2 to 5 turns and prevents sleep.,#TRUE#,#TRUE#,#TRUE#,#FALSE#,#FALSE#,#TRUE#,#FALSE#,#FALSE#,,,,#FALSE#,#FALSE#,#TRUE#,#FALSE#,#FALSE#
347,Volt Tackle,4,120,100,15,0,175,1,A life-risking tackle that slightly hurts the user.,#TRUE#,#TRUE#,#TRUE#,#FALSE#,#FALSE#,#TRUE#,#FALSE#,#FALSE#,,,,#FALSE#,#FALSE#,#FALSE#,#TRUE#,#FALSE#
348,Water Pulse,3,60,100,20,20,22,1,Attacks with ultrasonic waves.  May confuse the foe.,#TRUE#,#TRUE#,#TRUE#,#FALSE#,#FALSE#,#TRUE#,#FALSE#,#FALSE#,,,TM03,#FALSE#,#FALSE#,#FALSE#,#FALSE#,#FALSE#
349,Water Sport,3,0,100,15,0,176,4,The user becomes soaked to raise resistance to fire.,#TRUE#,#FALSE#,#FALSE#,#FALSE#,#FALSE#,#TRUE#,#FALSE#,#FALSE#,,,,#FALSE#,#FALSE#,#FALSE#,#FALSE#,#FALSE#
350,Water Spout,3,150,100,5,0,135,2,Inflicts more damage if the user's HP is high.,#TRUE#,#TRUE#,#FALSE#,#FALSE#,#FALSE#,#TRUE#,#FALSE#,#FALSE#,,,,#FALSE#,#FALSE#,#FALSE#,#FALSE#,#FALSE#
351,Weather Ball,1,50,100,10,0,178,1,The move's type and power change with the weather.,#TRUE#,#TRUE#,#TRUE#,#FALSE#,#FALSE#,#TRUE#,#FALSE#,#FALSE#,,,,#FALSE#,#FALSE#,#FALSE#,#FALSE#,#FALSE#
352,Will-O-Wisp,2,0,75,15,0,39,1,Inflicts a burn on the foe with intense fire.,#TRUE#,#TRUE#,#FALSE#,#FALSE#,#FALSE#,#TRUE#,#FALSE#,#FALSE#,,,,#FALSE#,#FALSE#,#FALSE#,#FALSE#,#TRUE#
353,Wish,1,0,100,10,0,179,3,A wish that restores HP.  It takes time to work.,#TRUE#,#FALSE#,#FALSE#,#FALSE#,#FALSE#,#TRUE#,#FALSE#,#FALSE#,,,,#FALSE#,#FALSE#,#FALSE#,#FALSE#,#FALSE#
354,Yawn,1,0,100,10,0,180,1,"Lulls the foe into yawning, then sleeping next turn.",#TRUE#,#TRUE#,#FALSE#,#FALSE#,#FALSE#,#TRUE#,#FALSE#,#FALSE#,,,,#FALSE#,#FALSE#,#FALSE#,#FALSE#,#TRUE#
